# ************************************************************
# Sequel Pro SQL dump
# Version 5438
#
# https://www.sequelpro.com/
# https://github.com/sequelpro/sequelpro
#
# Host: 127.0.0.1 (MySQL 5.7.25)
# Database: cherry
# Generation Time: 2020-05-31 19:10:36 +0000
# ************************************************************


/*!40101 SET @OLD_CHARACTER_SET_CLIENT=@@CHARACTER_SET_CLIENT */;
/*!40101 SET @OLD_CHARACTER_SET_RESULTS=@@CHARACTER_SET_RESULTS */;
/*!40101 SET @OLD_COLLATION_CONNECTION=@@COLLATION_CONNECTION */;
/*!40101 SET NAMES utf8 */;
SET NAMES utf8mb4;
/*!40014 SET @OLD_FOREIGN_KEY_CHECKS=@@FOREIGN_KEY_CHECKS, FOREIGN_KEY_CHECKS=0 */;
/*!40101 SET @OLD_SQL_MODE=@@SQL_MODE, SQL_MODE='NO_AUTO_VALUE_ON_ZERO' */;
/*!40111 SET @OLD_SQL_NOTES=@@SQL_NOTES, SQL_NOTES=0 */;


# Dump of table adm_menu
# ------------------------------------------------------------

DROP TABLE IF EXISTS `adm_menu`;

CREATE TABLE `adm_menu` (
  `id` int(11) unsigned NOT NULL AUTO_INCREMENT,
  `section_id` int(10) unsigned DEFAULT NULL,
  `menu_id` int(10) unsigned DEFAULT NULL,
  `display_name` varchar(100) NOT NULL,
  `icon` varchar(20) DEFAULT NULL,
  `position` int(11) NOT NULL,
  `created` timestamp NOT NULL DEFAULT CURRENT_TIMESTAMP ON UPDATE CURRENT_TIMESTAMP,
  `modified` timestamp NOT NULL DEFAULT '0000-00-00 00:00:00',
  PRIMARY KEY (`id`),
  KEY `parent_fk` (`menu_id`),
  KEY `section2menu_fk` (`section_id`),
  CONSTRAINT `section2menu_fk` FOREIGN KEY (`section_id`) REFERENCES `adm_section` (`id`) ON DELETE CASCADE ON UPDATE CASCADE
) ENGINE=InnoDB DEFAULT CHARSET=latin1;

LOCK TABLES `adm_menu` WRITE;
/*!40000 ALTER TABLE `adm_menu` DISABLE KEYS */;

INSERT INTO `adm_menu` (`id`, `section_id`, `menu_id`, `display_name`, `icon`, `position`, `created`, `modified`)
VALUES
	(1,1,NULL,'Gestión administrativa','fa-gears',1,'2017-06-28 10:41:21','2017-06-28 10:41:21'),
	(2,1,7,'Usuarios','fa-group',3,'2017-07-04 19:31:11','2017-07-04 19:31:11'),
	(3,2,1,'Roles','fa-user',2,'2017-04-10 17:56:41','2017-04-12 19:33:28'),
	(4,3,1,'Secciones','fa-files-o',3,'2017-04-11 11:50:44','2017-04-18 18:10:25'),
	(5,4,1,'Permisologías','fa-check-square-o',4,'2017-04-11 18:30:09','2017-04-11 18:30:28'),
	(6,5,1,'Menú','fa-list',5,'2017-04-11 18:30:09','2017-04-11 18:30:28'),
	(7,37,NULL,'Gestion Empresas','fa-users',1,'2017-07-04 11:01:30','2017-07-04 11:01:30'),
	(9,44,7,'Listas de Precios','fa-file-text',1,'2017-07-04 19:30:49','2017-07-04 19:30:49'),
	(12,28,12,'Marcas','fa-asterisk',1,'2017-06-28 10:15:01','2017-06-28 10:15:01'),
	(13,32,10,'Lineas','fa-asterisk',2,'2017-06-28 10:14:22','2017-06-28 10:14:22'),
	(14,28,10,'Marcas','fa-asterisk',1,'2017-06-28 10:15:45','2017-06-28 10:15:45'),
	(15,22,10,'Productos','fa-shopping-cart',3,'2017-06-28 10:17:35','2017-06-28 10:17:35'),
	(16,36,7,'Empresas','fa-user',2,'2017-07-04 19:31:02','2017-07-04 19:31:02'),
	(17,37,NULL,'Gestion Productos','fa-shopping-cart',1,'2017-06-28 10:18:59','2017-06-28 10:18:59'),
	(18,28,17,'Marcas','fa-asterisk',1,'2017-07-04 19:22:34','2017-07-04 19:22:34'),
	(19,32,17,'Lineas','fa-asterisk',2,'2017-06-28 10:20:46','2017-06-28 10:20:46'),
	(20,22,17,'Productos','fa-shopping-cart',3,'2017-06-28 10:21:22','2017-06-28 10:21:22'),
	(21,49,NULL,'Ordenes','fa-file-text',1,'2017-06-28 10:23:33','2017-06-28 10:23:33'),
	(22,53,NULL,'Paginas','fa-globe',1,'2017-06-28 10:25:42','2017-06-28 10:25:42'),
	(23,51,NULL,'Promociones','fa-asterisk',1,'2017-06-28 10:28:17','2017-06-28 10:28:17'),
	(24,40,NULL,'Faq','fa-question-circle',7,'2017-06-28 10:29:34','2017-06-28 10:29:34');

/*!40000 ALTER TABLE `adm_menu` ENABLE KEYS */;
UNLOCK TABLES;


# Dump of table adm_menu2role
# ------------------------------------------------------------

DROP TABLE IF EXISTS `adm_menu2role`;

CREATE TABLE `adm_menu2role` (
  `menu_id` int(10) unsigned NOT NULL,
  `role_id` int(10) unsigned NOT NULL,
  `created` timestamp NOT NULL DEFAULT CURRENT_TIMESTAMP ON UPDATE CURRENT_TIMESTAMP,
  PRIMARY KEY (`menu_id`,`role_id`),
  KEY `role_fk` (`role_id`),
  CONSTRAINT `fk_role` FOREIGN KEY (`role_id`) REFERENCES `adm_role` (`id`) ON DELETE CASCADE ON UPDATE CASCADE
) ENGINE=InnoDB DEFAULT CHARSET=latin1;

LOCK TABLES `adm_menu2role` WRITE;
/*!40000 ALTER TABLE `adm_menu2role` DISABLE KEYS */;

INSERT INTO `adm_menu2role` (`menu_id`, `role_id`, `created`)
VALUES
	(1,1,'2017-06-28 10:41:21'),
	(2,1,'2017-07-04 11:03:30'),
	(2,4,'2017-07-04 11:03:30'),
	(3,1,'2017-06-27 18:43:07'),
	(4,1,'2017-06-27 18:43:07'),
	(5,1,'2017-06-27 18:43:07'),
	(6,1,'2017-06-27 18:43:07'),
	(7,1,'2017-07-04 11:01:30'),
	(7,4,'2017-07-04 11:01:30'),
	(8,1,'2017-06-28 10:07:56'),
	(8,4,'2017-06-28 10:07:56'),
	(9,1,'2017-06-28 10:08:39'),
	(9,4,'2017-06-28 10:08:39'),
	(10,1,'2017-06-28 10:14:38'),
	(10,4,'2017-06-28 10:14:38'),
	(11,1,'2017-06-28 10:12:48'),
	(11,4,'2017-06-28 10:12:48'),
	(12,1,'2017-06-28 10:15:01'),
	(12,4,'2017-06-28 10:15:01'),
	(13,1,'2017-06-28 10:14:22'),
	(13,4,'2017-06-28 10:14:22'),
	(14,1,'2017-06-28 10:15:45'),
	(14,4,'2017-06-28 10:15:46'),
	(15,1,'2017-06-28 10:17:35'),
	(15,4,'2017-06-28 10:17:35'),
	(16,1,'2017-07-04 11:01:48'),
	(16,4,'2017-07-04 11:01:48'),
	(17,1,'2017-06-28 10:18:59'),
	(17,4,'2017-06-28 10:18:59'),
	(18,1,'2017-06-28 10:19:25'),
	(18,4,'2017-06-28 10:19:25'),
	(19,1,'2017-06-28 10:20:46'),
	(19,4,'2017-06-28 10:20:46'),
	(20,1,'2017-06-28 10:21:22'),
	(20,4,'2017-06-28 10:21:22'),
	(21,1,'2017-06-28 10:23:33'),
	(21,4,'2017-06-28 10:23:33'),
	(22,1,'2017-06-28 10:25:42'),
	(22,4,'2017-06-28 10:25:42'),
	(23,1,'2017-06-28 10:28:17'),
	(23,4,'2017-06-28 10:28:17'),
	(24,1,'2017-06-28 10:29:34'),
	(24,4,'2017-06-28 10:29:34');

/*!40000 ALTER TABLE `adm_menu2role` ENABLE KEYS */;
UNLOCK TABLES;


# Dump of table adm_privilege
# ------------------------------------------------------------

DROP TABLE IF EXISTS `adm_privilege`;

CREATE TABLE `adm_privilege` (
  `role_id` int(10) unsigned NOT NULL,
  `section_id` int(10) unsigned NOT NULL,
  `created` timestamp NOT NULL DEFAULT CURRENT_TIMESTAMP ON UPDATE CURRENT_TIMESTAMP,
  PRIMARY KEY (`section_id`,`role_id`),
  KEY `role2privilege_fk` (`role_id`),
  CONSTRAINT `role2privilege_fk` FOREIGN KEY (`role_id`) REFERENCES `adm_role` (`id`) ON DELETE CASCADE ON UPDATE CASCADE,
  CONSTRAINT `section2privilege_fk` FOREIGN KEY (`section_id`) REFERENCES `adm_section` (`id`) ON DELETE CASCADE ON UPDATE CASCADE
) ENGINE=InnoDB DEFAULT CHARSET=latin1;

LOCK TABLES `adm_privilege` WRITE;
/*!40000 ALTER TABLE `adm_privilege` DISABLE KEYS */;

INSERT INTO `adm_privilege` (`role_id`, `section_id`, `created`)
VALUES
	(1,1,'2017-07-04 19:16:40'),
	(4,1,'2017-07-04 11:19:20'),
	(1,2,'2017-06-28 10:37:01'),
	(1,3,'2017-06-28 10:37:01'),
	(1,4,'2017-06-28 10:37:01'),
	(1,5,'2017-06-28 10:37:01'),
	(1,9,'2017-06-28 10:37:01'),
	(4,9,'2017-07-04 11:19:20'),
	(1,10,'2017-06-28 10:37:01'),
	(4,10,'2017-07-04 11:19:20'),
	(1,11,'2017-06-28 10:37:01'),
	(4,11,'2017-07-04 11:19:20'),
	(1,12,'2017-06-28 10:37:01'),
	(1,13,'2017-06-28 10:37:01'),
	(1,14,'2017-06-28 10:37:01'),
	(1,15,'2017-06-28 10:37:01'),
	(1,16,'2017-06-28 10:37:01'),
	(1,17,'2017-06-28 10:37:01'),
	(1,18,'2017-06-28 10:37:01'),
	(1,19,'2017-06-28 10:37:01'),
	(1,20,'2017-06-28 10:37:01'),
	(1,21,'2017-06-28 10:37:01'),
	(1,22,'2017-06-28 10:37:01'),
	(4,22,'2017-07-04 11:19:20'),
	(1,23,'2017-06-28 10:37:01'),
	(4,23,'2017-07-04 11:19:20'),
	(1,24,'2017-06-28 10:37:01'),
	(4,24,'2017-07-04 11:19:20'),
	(1,25,'2017-06-28 10:37:01'),
	(4,25,'2017-07-04 11:19:20'),
	(1,26,'2017-06-28 10:37:01'),
	(4,26,'2017-07-04 11:19:20'),
	(1,27,'2017-06-28 10:37:01'),
	(4,27,'2017-07-04 11:19:20'),
	(1,28,'2017-06-28 10:37:01'),
	(4,28,'2017-07-04 11:19:20'),
	(1,29,'2017-06-28 10:37:01'),
	(4,29,'2017-07-04 11:19:20'),
	(1,30,'2017-06-28 10:37:01'),
	(4,30,'2017-07-04 11:19:20'),
	(1,31,'2017-06-28 10:37:01'),
	(4,31,'2017-07-04 11:19:20'),
	(1,32,'2017-06-28 10:37:01'),
	(4,32,'2017-07-04 11:19:20'),
	(1,33,'2017-06-28 10:37:01'),
	(4,33,'2017-07-04 11:19:20'),
	(1,34,'2017-06-28 10:37:01'),
	(4,34,'2017-07-04 11:19:20'),
	(1,35,'2017-06-28 10:37:01'),
	(4,35,'2017-07-04 11:19:20'),
	(1,36,'2017-06-28 10:37:01'),
	(4,36,'2017-07-04 11:19:20'),
	(1,37,'2017-06-28 10:37:01'),
	(4,37,'2017-07-04 11:19:20'),
	(1,38,'2017-06-28 10:37:01'),
	(4,38,'2017-07-04 11:19:20'),
	(1,39,'2017-06-28 10:37:01'),
	(4,39,'2017-07-04 11:19:20'),
	(1,40,'2017-06-28 10:37:01'),
	(4,40,'2017-07-04 11:19:20'),
	(1,41,'2017-06-28 10:37:01'),
	(4,41,'2017-07-04 11:19:20'),
	(1,42,'2017-06-28 10:37:01'),
	(4,42,'2017-07-04 11:19:21'),
	(1,43,'2017-06-28 10:37:01'),
	(4,43,'2017-07-04 11:19:21'),
	(1,44,'2017-06-28 10:37:01'),
	(4,44,'2017-07-04 11:19:21'),
	(1,45,'2017-06-28 10:37:01'),
	(4,45,'2017-07-04 11:19:21'),
	(1,46,'2017-06-28 10:37:01'),
	(4,46,'2017-07-04 11:19:21'),
	(1,47,'2017-06-28 10:37:01'),
	(4,47,'2017-07-04 11:19:21'),
	(1,48,'2017-06-28 10:37:01'),
	(4,48,'2017-07-04 11:19:21'),
	(1,49,'2017-06-28 10:37:01'),
	(1,50,'2017-06-28 10:37:01'),
	(1,51,'2017-06-28 10:37:01'),
	(4,51,'2017-07-04 11:19:21'),
	(1,52,'2017-06-28 10:37:01'),
	(4,52,'2017-07-04 11:19:21'),
	(1,53,'2017-06-28 10:37:01'),
	(4,53,'2017-07-04 11:19:21'),
	(1,54,'2017-06-28 10:37:01'),
	(4,54,'2017-07-04 11:19:21'),
	(1,55,'2017-06-28 10:37:01'),
	(4,55,'2017-07-04 11:19:21');

/*!40000 ALTER TABLE `adm_privilege` ENABLE KEYS */;
UNLOCK TABLES;


# Dump of table adm_role
# ------------------------------------------------------------

DROP TABLE IF EXISTS `adm_role`;

CREATE TABLE `adm_role` (
  `id` int(11) unsigned NOT NULL AUTO_INCREMENT,
  `name` varchar(255) NOT NULL,
  `created` timestamp NOT NULL DEFAULT CURRENT_TIMESTAMP ON UPDATE CURRENT_TIMESTAMP,
  `modified` timestamp NOT NULL DEFAULT '0000-00-00 00:00:00',
  PRIMARY KEY (`id`)
) ENGINE=InnoDB DEFAULT CHARSET=latin1;

LOCK TABLES `adm_role` WRITE;
/*!40000 ALTER TABLE `adm_role` DISABLE KEYS */;

INSERT INTO `adm_role` (`id`, `name`, `created`, `modified`)
VALUES
	(1,'superadmin','2017-04-07 16:28:30','2017-04-07 16:29:50'),
	(2,'Comprador','2017-06-27 18:48:14','0000-00-00 00:00:00'),
	(3,'Vendedor','2017-06-27 18:48:22','0000-00-00 00:00:00'),
	(4,'Administrador','2017-06-27 18:48:58','0000-00-00 00:00:00');

/*!40000 ALTER TABLE `adm_role` ENABLE KEYS */;
UNLOCK TABLES;


# Dump of table adm_section
# ------------------------------------------------------------

DROP TABLE IF EXISTS `adm_section`;

CREATE TABLE `adm_section` (
  `id` int(11) unsigned NOT NULL AUTO_INCREMENT,
  `name` varchar(255) NOT NULL DEFAULT '',
  `controller` varchar(255) NOT NULL DEFAULT '',
  `action` varchar(255) NOT NULL DEFAULT '',
  `created` timestamp NOT NULL DEFAULT CURRENT_TIMESTAMP ON UPDATE CURRENT_TIMESTAMP,
  `modified` timestamp NULL DEFAULT NULL,
  PRIMARY KEY (`id`)
) ENGINE=InnoDB DEFAULT CHARSET=latin1;

LOCK TABLES `adm_section` WRITE;
/*!40000 ALTER TABLE `adm_section` DISABLE KEYS */;

INSERT INTO `adm_section` (`id`, `name`, `controller`, `action`, `created`, `modified`)
VALUES
	(1,'[USUARIO] - Lista de usuarios','Setup','index_user','2017-04-18 18:03:07','2017-04-18 18:03:07'),
	(2,'[ROL] - Lista de roles','Setup','index_role','2017-04-18 18:36:43','2017-04-18 18:36:43'),
	(3,'[SECCIÓN] - Listar secciones','Setup','index_section','2017-04-18 18:37:24','2017-04-18 18:37:24'),
	(4,'[PERMISOLOGÍAS] - Listar permisologías','Setup','index_privilege','2017-04-18 18:42:00','2017-04-18 18:42:00'),
	(5,'[MENÚ] - Listar menú','Setup','index_menu','2017-04-18 18:39:49','2017-04-18 18:39:49'),
	(9,'[USUARIO] - Agregar usuarios','Setup','add_user','2017-04-18 18:03:29','2017-04-18 18:03:29'),
	(10,'[USUARIO] - Editar usuarios','Setup','edit_user','2017-04-18 18:03:17','2017-04-18 18:03:17'),
	(11,'[USUARIO] - Eliminar usuario','Setup','delete_user','2017-04-18 18:03:46','2017-04-18 18:03:46'),
	(12,'[ROL] - Agregar rol','Setup','add_role','2017-04-18 18:36:07','2017-04-18 18:36:07'),
	(13,'[ROL] - Editar rol','Setup','edit_role','2017-04-18 18:36:18','2017-04-18 18:36:18'),
	(14,'[ROL] - Eliminar rol','Setup','delete_role','2017-04-18 18:36:32','2017-04-18 18:36:32'),
	(15,'[SECCIÓN] - Agregar sección','Setup','add_section','2017-04-18 18:37:54','2017-04-18 18:37:54'),
	(16,'[SECCIÓN] - Editar sección','Setup','edit_section','2017-04-18 18:38:25','2017-04-18 18:38:25'),
	(17,'[SECCIÓN] - Eliminar sección','Setup','delete_section','2017-04-18 18:38:49','2017-04-18 18:38:49'),
	(18,'[MENÚ] - Agregar menú','Setup','add_menu','2017-04-18 18:40:25','2017-04-18 18:40:25'),
	(19,'[MENÚ] - Editar menú','Setup','edit_menu','2017-04-18 18:40:46','2017-04-18 18:40:46'),
	(20,'[MENÚ] - Eliminar menú','Setup','delete_menu','2017-04-18 18:41:18','2017-04-18 18:41:18'),
	(21,'[PERMISOLOGÍAS] - Editar permisologías','Setup','config_privilege','2017-04-18 18:43:10','2017-04-18 18:43:10'),
	(22,'[PRODUCTOS] - Listar Productos','Product','index','2017-06-28 09:24:00','2017-06-28 09:24:00'),
	(23,'[PRODUCTOS] - Agregar Producto','Product','add-product','2017-06-28 09:25:07','2017-06-28 09:25:07'),
	(24,'[PRODUCTOS] - Editar Producto','Product','edit-product','2017-06-28 09:25:50','2017-06-28 09:25:50'),
	(25,'[PRODUCTOS] - Eliminar Producto','Product','delete-product','2017-06-28 09:26:32','2017-06-28 09:26:32'),
	(26,'[PRODUCTOS] - Cargar Productos','Product','upload-product','2017-06-28 09:27:26','2017-06-28 09:27:26'),
	(27,'[PRODUCTOS] - Cargar Cross References','Product','upload-cross-refereces','2017-06-28 09:28:14','2017-06-28 09:28:14'),
	(28,'[MARCAS] - Listar Marcas','Brand','index','2017-06-28 10:12:27','2017-06-28 10:12:27'),
	(29,'[MARCAS] - Adicionar Marca','Brand','add-brand','2017-06-28 09:30:31','2017-06-28 09:30:31'),
	(30,'[MARCAS] - Editar Marca ','Brand','edit-brand','2017-06-28 09:31:17','2017-06-28 09:31:17'),
	(31,'[MARCAS] - Eliminar marca','Brand','delete-brand','2017-06-28 09:31:51','2017-06-28 09:31:51'),
	(32,'[LINEAS] - Listar Lineas','Family','index','2017-06-28 09:32:33','2017-06-28 09:32:33'),
	(33,'[LINEAS] - Adicionar Linea','Family','add-family','2017-06-28 09:33:16','2017-06-28 09:33:16'),
	(34,'[LINEAS] - Editar Linea','Family','edit-family','2017-06-28 09:44:50','2017-06-28 09:44:50'),
	(35,'[LINEAS] - Eliminar Linea','Family','delete-family','2017-06-28 09:45:30','2017-06-28 09:45:30'),
	(36,'[CLIENTES] - Listar Clientes','Client','index','2017-06-28 09:46:34','2017-06-28 09:46:34'),
	(37,'[CLIENTES] - Adicionar Clientes','Client','add-client','2017-06-28 09:47:14','2017-06-28 09:47:14'),
	(38,'[CLIENTES] - Editar Cliente','Client','edit-client','2017-06-28 09:48:11','2017-06-28 09:48:11'),
	(39,'[CLIENTES] - Eliminar Clientes','Client','delete-client','2017-06-28 09:48:33','2017-06-28 09:48:33'),
	(40,'[FAQ] - Listar Faq','Faq','index','2017-06-28 09:49:38','2017-06-28 09:49:38'),
	(41,'[FAQ] - Adicionar Faq','Faq','add-faq','2017-06-28 09:50:05','2017-06-28 09:50:05'),
	(42,'[FAQ] -Editar Faq','Faq','edit-faq','2017-06-28 09:50:44','2017-06-28 09:50:44'),
	(43,'[FAQ] - Eliminar Faq','Faq','delete-faq','2017-06-28 09:52:04','2017-06-28 09:52:04'),
	(44,'[LISTAS PRECIOS] - Listar Lista Precios','ListPrice','index','2017-06-28 09:53:28','2017-06-28 09:53:28'),
	(45,'[LISTAS PRECIOS] - Adicionar Lista Precios','ListPrice','add-list-price','2017-06-28 09:54:17','2017-06-28 09:54:17'),
	(46,'[LISTAS PRECIOS] - Ver Lista Precios','ListPrice','view-list-price','2017-06-28 09:55:05','2017-06-28 09:55:05'),
	(47,'[LISTAS PRECIOS] - Eliminar Lista Precios','ListPrice','delete-list-price','2017-06-28 09:56:10','2017-06-28 09:56:10'),
	(48,'[LISTAS PRECIOS] - Cargar Lista Precios','ListPrice','upload-list','2017-06-28 09:56:59','2017-06-28 09:56:59'),
	(49,'[ORDENES] - Listar Ordenes','Order','index','2017-06-28 09:58:57','2017-06-28 09:58:57'),
	(50,'[ORDENES] - Ver Ordenes','Order','view-order','2017-06-28 09:59:44','2017-06-28 09:59:44'),
	(51,'[PROMOCIONES] - Listar Promociones','Promotion','index','2017-06-28 10:00:55','2017-06-28 10:00:55'),
	(52,'[PROMOCIONES] - Ver Promocion','Promotion','view-promotion','2017-06-28 10:01:32','2017-06-28 10:01:32'),
	(53,'[PAGINAS] - Listar Paginas','SiteConfig','index','2017-06-28 10:03:11','2017-06-28 10:03:11'),
	(54,'[PAGINAS] - Ver Site','SiteConfig','view-site','2017-06-28 10:04:16','2017-06-28 10:04:16'),
	(55,'[PAGINAS] - Ver Terminos','SiteConfig','view_terms','2017-06-28 10:04:54','2017-06-28 10:04:54');

/*!40000 ALTER TABLE `adm_section` ENABLE KEYS */;
UNLOCK TABLES;


# Dump of table adm_user
# ------------------------------------------------------------

DROP TABLE IF EXISTS `adm_user`;

CREATE TABLE `adm_user` (
  `id` int(11) NOT NULL AUTO_INCREMENT,
  `role_id` int(10) unsigned DEFAULT NULL,
  `country_id` int(11) unsigned NOT NULL DEFAULT '29',
  `id_client` varchar(30) NOT NULL,
  `email` varchar(100) NOT NULL,
  `password` varchar(255) NOT NULL,
  `first_name` varchar(255) NOT NULL,
  `last_name` varchar(255) NOT NULL,
  `appoinment` varchar(255) NOT NULL,
  `phone1` varchar(30) NOT NULL,
  `phone2` varchar(30) DEFAULT NULL,
  `status` enum('ACTIVE','STANDBY','BLOCKED','DELETED') NOT NULL,
  `created` timestamp NOT NULL DEFAULT CURRENT_TIMESTAMP,
  `modified` timestamp NOT NULL DEFAULT '0000-00-00 00:00:00',
  `last_login` timestamp NOT NULL DEFAULT '0000-00-00 00:00:00',
  PRIMARY KEY (`id`),
  KEY `rol2user_fk` (`role_id`),
  KEY `fk_cliente_id` (`id_client`),
  KEY `fk_country_user` (`country_id`),
  CONSTRAINT `fk_client` FOREIGN KEY (`id_client`) REFERENCES `tbl_client` (`code`) ON DELETE CASCADE ON UPDATE CASCADE,
  CONSTRAINT `fk_country_id_user` FOREIGN KEY (`country_id`) REFERENCES `tbl_country` (`id`) ON DELETE CASCADE ON UPDATE CASCADE,
  CONSTRAINT `rol2user_fk` FOREIGN KEY (`role_id`) REFERENCES `adm_role` (`id`) ON DELETE CASCADE ON UPDATE CASCADE
) ENGINE=InnoDB DEFAULT CHARSET=latin1;

LOCK TABLES `adm_user` WRITE;
/*!40000 ALTER TABLE `adm_user` DISABLE KEYS */;

INSERT INTO `adm_user` (`id`, `role_id`, `country_id`, `id_client`, `email`, `password`, `first_name`, `last_name`, `appoinment`, `phone1`, `phone2`, `status`, `created`, `modified`, `last_login`)
VALUES
	(1,1,12,'1','superadmin@mail.com','$2y$10$UlwKGF42EGoKKnUs4ThXG.Pu0t/vJsU2C9hqrLT5.loF8DZI3TxRW','SUPER','ADMIN','ADMINISTRADOR','0',NULL,'ACTIVE','2017-07-06 11:46:42','0000-00-00 00:00:00','0000-00-00 00:00:00');

/*!40000 ALTER TABLE `adm_user` ENABLE KEYS */;
UNLOCK TABLES;


# Dump of table logs
# ------------------------------------------------------------

DROP TABLE IF EXISTS `logs`;

CREATE TABLE `logs` (
  `id` char(36) NOT NULL,
  `message` text,
  `level` text,
  `context` text,
  `created` datetime DEFAULT NULL,
  `modified` datetime DEFAULT NULL,
  PRIMARY KEY (`id`)
) ENGINE=MyISAM DEFAULT CHARSET=latin1;



# Dump of table phinxlog
# ------------------------------------------------------------

DROP TABLE IF EXISTS `phinxlog`;

CREATE TABLE `phinxlog` (
  `version` bigint(20) NOT NULL,
  `migration_name` varchar(300) DEFAULT NULL,
  `start_time` timestamp NOT NULL DEFAULT CURRENT_TIMESTAMP ON UPDATE CURRENT_TIMESTAMP,
  `end_time` timestamp NOT NULL DEFAULT '0000-00-00 00:00:00',
  `breakpoint` tinyint(1) NOT NULL,
  PRIMARY KEY (`version`)
) ENGINE=InnoDB DEFAULT CHARSET=latin1;



# Dump of table tbl_brand
# ------------------------------------------------------------

DROP TABLE IF EXISTS `tbl_brand`;

CREATE TABLE `tbl_brand` (
  `code` varchar(6) NOT NULL,
  `name` varchar(210) NOT NULL,
  `created` timestamp NOT NULL DEFAULT CURRENT_TIMESTAMP ON UPDATE CURRENT_TIMESTAMP,
  `modified` timestamp NOT NULL DEFAULT '0000-00-00 00:00:00',
  PRIMARY KEY (`code`)
) ENGINE=InnoDB DEFAULT CHARSET=latin1;

LOCK TABLES `tbl_brand` WRITE;
/*!40000 ALTER TABLE `tbl_brand` DISABLE KEYS */;

INSERT INTO `tbl_brand` (`code`, `name`, `created`, `modified`)
VALUES
	('02','Logitech','2019-11-09 17:56:56','2017-08-31 11:19:58'),
	('03','Hyperx','2019-11-09 17:57:45','2017-08-31 11:20:14'),
	('04','Samsung','2019-11-09 17:57:09','2017-08-31 11:20:25'),
	('05','Gigabyte','2019-11-09 17:57:49','2017-08-31 11:20:37'),
	('06','Razer','2019-11-09 17:57:54','2018-05-09 10:11:34'),
	('07','Benq','2019-11-09 17:59:04','2017-08-31 11:20:57'),
	('08','Image Kyocera Mita','2017-08-31 11:21:41','2017-08-31 11:21:41'),
	('50','Redragon','2019-11-09 17:58:50','2017-08-31 11:22:55'),
	('51','Intel','2019-11-09 17:58:53','2017-08-31 11:32:38'),
	('52','Dell','2019-11-09 17:59:15','2017-08-31 11:33:01'),
	('53','Corsair','2019-11-09 17:59:48','2017-09-28 13:01:41'),
	('54','Evga','2019-11-09 17:59:57','2017-09-28 13:02:02'),
	('56','Asus','2019-11-09 18:00:00','2017-09-28 13:02:22'),
	('58','Msi','2019-11-09 18:00:31','2017-09-28 13:02:52'),
	('59','Amd','2019-11-09 18:00:45','2017-09-28 13:04:46'),
	('5U','Trust','2019-11-09 18:00:47','2017-08-31 11:57:35'),
	('60','Cooler master','2019-11-09 18:01:38','2017-09-28 13:05:26'),
	('61','Steelseries','2019-11-09 18:15:13','2017-09-28 13:05:53'),
	('62','Lg','2019-11-09 18:03:29','2017-09-28 13:06:37');

/*!40000 ALTER TABLE `tbl_brand` ENABLE KEYS */;
UNLOCK TABLES;


# Dump of table tbl_cart
# ------------------------------------------------------------

DROP TABLE IF EXISTS `tbl_cart`;

CREATE TABLE `tbl_cart` (
  `id` int(11) NOT NULL AUTO_INCREMENT,
  `id_user` int(11) NOT NULL,
  `id_product` varchar(8) NOT NULL DEFAULT '',
  `amount` int(11) NOT NULL,
  `created` timestamp NOT NULL DEFAULT CURRENT_TIMESTAMP ON UPDATE CURRENT_TIMESTAMP,
  PRIMARY KEY (`id`),
  UNIQUE KEY `id_product` (`id_product`,`id_user`),
  KEY `id_user` (`id_user`),
  CONSTRAINT `fk_product` FOREIGN KEY (`id_product`) REFERENCES `tbl_product` (`code`) ON DELETE CASCADE ON UPDATE CASCADE,
  CONSTRAINT `fk_user` FOREIGN KEY (`id_user`) REFERENCES `adm_user` (`id`) ON DELETE CASCADE ON UPDATE CASCADE
) ENGINE=InnoDB DEFAULT CHARSET=latin1;



# Dump of table tbl_client
# ------------------------------------------------------------

DROP TABLE IF EXISTS `tbl_client`;

CREATE TABLE `tbl_client` (
  `code` varchar(150) NOT NULL,
  `id_type_list_price` varchar(150) NOT NULL,
  `name` varchar(210) NOT NULL,
  `active` tinyint(1) NOT NULL DEFAULT '1',
  `created` timestamp NOT NULL DEFAULT CURRENT_TIMESTAMP ON UPDATE CURRENT_TIMESTAMP,
  PRIMARY KEY (`code`),
  KEY `pk_list_price` (`id_type_list_price`),
  CONSTRAINT `fk_list_price` FOREIGN KEY (`id_type_list_price`) REFERENCES `tbl_list_price` (`name`) ON DELETE CASCADE ON UPDATE CASCADE
) ENGINE=InnoDB DEFAULT CHARSET=latin1;

LOCK TABLES `tbl_client` WRITE;
/*!40000 ALTER TABLE `tbl_client` DISABLE KEYS */;

INSERT INTO `tbl_client` (`code`, `id_type_list_price`, `name`, `active`, `created`)
VALUES
	('1','Standard:','CHERRY',1,'2019-11-09 18:57:13'),
	('101023556','Standard:','PRUEBA',1,'2018-01-29 15:50:22'),
	('2','1','BEE CONCEPT',1,'2018-08-15 16:37:18'),
	('3ACS   ','1','3ACS Inc.',1,'2018-06-12 10:25:01'),
	('5H FOOD','1','5H FOOD SERVICES LLC.',1,'2018-06-12 10:25:01'),
	('A&B COP','Standard:','A & B COPY SYSTEMS',1,'2018-06-12 10:25:01'),
	('ABKA CO','Standard:','ABKA COLOMBIA S.A.',1,'2018-06-12 10:25:01'),
	('ABT GRO','Standard:','QUALITY TECH',1,'2018-06-12 10:25:01'),
	('ACR SER','1','ACR SERVICE INTERNATIONAL LLC',1,'2018-06-12 10:25:01'),
	('ACTION ','1','ACTION OFFICE SOLUTION LLC',1,'2018-06-12 10:25:01'),
	('ADU    ','5','ADU SYSTEMS S.R.L',1,'2018-06-12 10:25:01'),
	('ADV INT','Standard:','ADVANCED INTERNATIONAL TRADERS',1,'2018-06-12 10:25:01'),
	('ADVANCE','1','UNITED TECHNOLOGY AND SUPPLIES',1,'2018-06-12 10:25:01'),
	('AFC IMP','Standard:','AFC IMPORTACIONES',1,'2018-06-12 10:25:01'),
	('AFFORDA','1','AFFORDABLE BUSINESS EQUIPMENT',1,'2018-06-12 10:25:01'),
	('AFIGRA ','Standard:','AFIGRAFICAS LTDA',1,'2018-06-12 10:25:01'),
	('AITRO  ','Standard:','AITRON',1,'2018-06-12 10:25:01'),
	('ALEX GR','Standard:','COPIADORAS DEL PARAGUAY S/A',1,'2018-06-12 10:25:01'),
	('ALHEY  ','Standard:','DATACOPY CORP',1,'2018-06-12 10:25:01'),
	('ALHUM  ','3','ALHUM',1,'2018-06-12 10:25:01'),
	('ALL    ','Standard:','ALL TRADING SOLUTIONS',1,'2018-06-12 10:25:01'),
	('ALL COM','1','TECHWORLD COPIER CORP',1,'2018-06-12 10:25:01'),
	('ALL EXP','1','ALL EXPORT INC.',1,'2018-06-12 10:25:01'),
	('ALTCOPI','Standard:','ALTERNATIVA COPIERS',1,'2018-06-12 10:25:01'),
	('ALTERNA','Standard:','ALTERNATIVA',1,'2018-06-12 10:25:01'),
	('AMAURY ','Standard:','AMAURY INTERNATIONAL CORP.',1,'2018-06-12 10:25:01'),
	('AMED   ','1','AMED EQUIPMENT',1,'2018-06-12 10:25:01'),
	('ANALIST','5','ANALISTAS EMPRESARIOS',1,'2018-06-12 10:25:01'),
	('ANDALE ','1','ANDALE CORP',1,'2018-06-12 10:25:01'),
	('ANTCURA','5','ANTRACO CURACAO',1,'2018-06-12 10:25:01'),
	('ANTRACO','5','ANTRACO ARUBA GROUP',1,'2018-06-12 10:25:01'),
	('ARCOSA ','Standard:','ARCOSA COPIERS',1,'2018-06-12 10:25:01'),
	('ARIEX  ','Standard:','ARIEX LTDA.',1,'2018-06-12 10:25:01'),
	('ASCARCO','3','ASCARCON LTDA.',1,'2018-06-12 10:25:01'),
	('ASIA   ','1','ASIA SUMMIT CORP',1,'2018-06-12 10:25:01'),
	('ASSURED','1','ASSURED COPIER SERVICE INC',1,'2018-06-12 10:25:01'),
	('ATIVA  ','1','ATIVA INDUSTRIA COMERCIO',1,'2018-06-12 10:25:01'),
	('B&N    ','5','INVERSIONES B&N LA FUENTE LTDA',1,'2018-06-12 10:25:01'),
	('BANKERS','1','BANKERS INTERNATIONAL REALTY',1,'2018-06-12 10:25:01'),
	('BAQUERO','1','INVERSIONES BAQUERO 96 CA',1,'2018-06-12 10:25:01'),
	('BAYSHOR','1','BAYSHORE TECH',1,'2018-06-12 10:25:01'),
	('BELLYCO','1','INVERSIONES BELLYCOPY C.A.',1,'2018-06-12 10:25:01'),
	('BERNAU ','1','BERNAU COPIER EQUIPMENT CORP.',1,'2018-06-12 10:25:01'),
	('BESDA  ','Standard:','ZHEJIANG BESDA OFFICE EQUIPMEN',1,'2018-06-12 10:25:01'),
	('BESTOFF','5','LATINCOPIERS CIA LTDA',1,'2018-06-12 10:25:01'),
	('BIG 99 ','Standard:','BIG 99',1,'2018-06-12 10:25:01'),
	('BIG COP','1','BG COPIER',1,'2018-06-12 10:25:01'),
	('BLANCHE','1','BLANCHEARTS VENTURE INC',1,'2018-06-12 10:25:01'),
	('BOOSTER','1','BOOSTER TRADING',1,'2018-06-12 10:25:01'),
	('BRAL   ','1','BRAL MIAMI',1,'2018-06-12 10:25:01'),
	('BREAD  ','1','BREAD DESIGN GROUP LTD',1,'2018-06-12 10:25:01'),
	('BUSINES','1','BUSINESS SYSTEM INC',1,'2018-06-12 10:25:01'),
	('BUSOLU ','1','COPIER BUSINESS SOLUTIONS',1,'2018-06-12 10:25:01'),
	('BYALCA ','Standard:','REPRESENTACIONES BYALKA SA',1,'2018-06-12 10:25:01'),
	('C.SERVI','Standard:','C. SERVICOPIER LTDA',1,'2018-06-12 10:25:01'),
	('CANELLA','5','CANELLA S.A.',1,'2018-06-12 10:25:01'),
	('CARIBBE','Standard:','CARIBBEAN COPY-FAX LIMITED',1,'2018-06-12 10:25:01'),
	('CARIBE ','Standard:','CARLOS VIDAL VELASQUEZ Y/O CORPORACION CARIBE',1,'2018-06-12 10:25:01'),
	('CARIBEA','1','COPYLITE PRODUCTS CORP',1,'2018-06-12 10:25:01'),
	('CARISHO','1','CARIBBEAN SHOPPING',1,'2018-06-12 10:25:01'),
	('CARLOS ','Standard:','CARLOS ANGULO',1,'2018-06-12 10:25:01'),
	('CARLSAN','1','CARLOS SANCHEZ',1,'2018-06-12 10:25:01'),
	('CARMELA','1','SAVANNAH OB/GYN SPECIALISTS',1,'2018-06-12 10:25:01'),
	('CARMEN ','Standard:','CARMEN ADRIANA RUBIO LOOR',1,'2018-06-12 10:25:01'),
	('CBR COP','3','Equipos Oficina CBRCopiadoras',1,'2018-06-12 10:25:01'),
	('CCB    ','1','CONTINENTAL COPIER BUSINESS',1,'2018-06-12 10:25:01'),
	('CCP ES ','1','CCP ES COPIERS EXPORT',1,'2018-06-12 10:25:01'),
	('CDP PAN','Standard:','COPIADORAS DIGITALES DE PANAMA',1,'2018-06-12 10:25:01'),
	('CEIBA  ','Standard:','CEIBA DOCUMENT SOLUTIONS',1,'2018-06-12 10:25:01'),
	('CEINCO ','Standard:','CEINCO',1,'2018-06-12 10:25:01'),
	('CENTECH','Standard:','CENTECH',1,'2018-06-12 10:25:01'),
	('CHAR UP','1','CHARGE UP INC',1,'2018-06-12 10:25:01'),
	('CI OFFI','1','C I OFFICE EQUIPMENTS',1,'2018-06-12 10:25:01'),
	('CIACOPI','Standard:','READY SISTEMAS DE COPIADOS SRL',1,'2018-06-12 10:25:01'),
	('CICO   ','3','CICO MACHINES',1,'2018-06-12 10:25:01'),
	('CIOGAMU','3','CAPITAL PRINT',1,'2018-06-12 10:25:01'),
	('CLARY  ','1','CLARY BUSINESS MACHINES',1,'2018-06-12 10:25:01'),
	('CLICK  ','Standard:','CLICK OFFICE TONER LTDA',1,'2018-06-12 10:25:01'),
	('CO CRUZ','Standard:','PABLO ISMAEL SAAVEDRA MALDONAD',1,'2018-06-12 10:25:01'),
	('CO YUCA','Standard:','COPISISTEMAS DE YUCATAN',1,'2018-06-12 10:25:01'),
	('COCRISA','Standard:','COCRISA INTERNACIONAL S.A.',1,'2018-06-12 10:25:01'),
	('COFAX  ','Standard:','COFAX CA',1,'2018-06-12 10:25:01'),
	('COLCOPY','Standard:','COLCOPY S.A.S.',1,'2018-06-12 10:25:01'),
	('COLDATA','Standard:','COLDATA',1,'2018-06-12 10:25:01'),
	('COLEMAN','Standard:','COLECOM',1,'2018-06-12 10:25:01'),
	('COLOR  ','Standard:','COLOR CELLS',1,'2018-06-12 10:25:01'),
	('COMERCI','Standard:','COMERCIALIZADORA CRECIENDO JUNTOS',1,'2018-06-12 10:25:01'),
	('COMIPEL','Standard:','COMIPEL',1,'2018-06-12 10:25:01'),
	('COMPUTA','5','COMPUTAYP',1,'2018-06-12 10:25:01'),
	('COMSOLN','Standard:','COMSOLNI',1,'2018-06-12 10:25:01'),
	('CONSUMO','C','CONSUMO INTERNO',1,'2018-06-12 10:25:01'),
	('COP DIG','Standard:','COP DIGITALES Y SERVICIOS',1,'2018-06-12 10:25:01'),
	('COP MEX','M','COPYCORP DE MEXICO S RL DE CV',1,'2018-06-12 10:25:01'),
	('COP RES','1','COPIER RESCUE INC.',1,'2018-06-12 10:25:01'),
	('COPEXCE','Standard:','COPIER EXCELLENCE',1,'2018-06-12 10:25:01'),
	('COPHOUS','Standard:','COPIER HOUSE',1,'2018-06-12 10:25:01'),
	('COPIAME','Standard:','COPIAMEX',1,'2018-06-12 10:25:01'),
	('COPIAS ','Standard:','COPIAS DINAMICAS',1,'2018-06-12 10:25:01'),
	('COPIASM','Standard:','COPIAS MINOLTA',1,'2018-06-12 10:25:01'),
	('COPIASN','Standard:','COPIAS NATHALY',1,'2018-06-12 10:25:01'),
	('COPIER ','1','COPIER DEPOT',1,'2018-06-12 10:25:01'),
	('COPIERL','Standard:','COPIERLANDIA',1,'2018-06-12 10:25:01'),
	('COPIERR','Standard:','FRAVAL SERVICE S.A.C',1,'2018-06-12 10:25:01'),
	('COPIERS','Standard:','COPIER SOLUTIONS',1,'2018-06-12 10:25:01'),
	('COPIERT','1','A COPIER TECH INTERNATIONAL',1,'2018-06-12 10:25:01'),
	('COPIERV','1','COPIER SVC',1,'2018-06-12 10:25:01'),
	('COPIGRA','Standard:','COPIGRAF COPIADORA IND E COM PAPEIS LTDA',1,'2018-06-12 10:25:01'),
	('COPIHOU','1','COPIER HOUSE INTERNATIONAL',1,'2018-06-12 10:25:01'),
	('COPIMAQ','Standard:','COPIMAQ S.R.L.',1,'2018-06-12 10:25:01'),
	('COPIMP ','Standard:','COPIER IMPORT',1,'2018-06-12 10:25:01'),
	('COPINSA','Standard:','COPINSA',1,'2018-06-12 10:25:01'),
	('COPLIQU','1','COPIER LIQUIDATOR',1,'2018-06-12 10:25:01'),
	('COPMAS ','Standard:','CARMEN BRIONES Y/O COPIADORAS',1,'2018-06-12 10:25:01'),
	('COPMITA','Standard:','COPIAS MITA',1,'2018-06-12 10:25:01'),
	('COPOFFI','5','KABENDISH CORPORATION',1,'2018-06-12 10:25:01'),
	('COPSER ','Standard:','COPISERVICE EIRL',1,'2018-06-12 10:25:01'),
	('COPSIS ','Standard:','FIDEL MORALES',1,'2018-06-12 10:25:01'),
	('COPSOL ','Standard:','COPIER SOLUTION GROUP',1,'2018-06-12 10:25:01'),
	('COPY & ','Standard:','COPY & PRINTER SOLUTION',1,'2018-06-12 10:25:01'),
	('COPY SY','1','DIGITAL COPY SYSTEMS C.A.',1,'2018-06-12 10:25:01'),
	('COPY TE','Standard:','COPYTECH SYSTEMS',1,'2018-06-12 10:25:01'),
	('COPYCEN','Standard:','COPY CENTER DINAS',1,'2018-06-12 10:25:01'),
	('COPYCO ','Standard:','COPY CORP',1,'2018-06-12 10:25:01'),
	('COPYCOR','R','CORPORACION COPYCORP RD',1,'2018-06-12 10:25:01'),
	('COPYFUL','5','COPYFULL IMPORTACIONES E.I.R.L',1,'2018-06-12 10:25:01'),
	('COPYKIN','Standard:','COPYKING',1,'2018-06-12 10:25:01'),
	('COPYLX ','Standard:','COPY LUX',1,'2018-06-12 10:25:01'),
	('COPYMAR','Standard:','COPYMARKET',1,'2018-06-12 10:25:01'),
	('COPYMAT','Standard:','COPYMATIC',1,'2018-06-12 10:25:01'),
	('COPYNIC','Standard:','COPYNIC',1,'2018-06-12 10:25:01'),
	('COPYONE','Standard:','MAURICIO BENITEZ',1,'2018-06-12 10:25:01'),
	('COPYPRI','Standard:','COPYPRINT S.R.L.',1,'2018-06-12 10:25:01'),
	('COPYSAR','Standard:','COPYSARIATO S.A.',1,'2018-06-12 10:25:01'),
	('COPYSER','Standard:','COPY SERVI',1,'2018-06-12 10:25:01'),
	('COPYSHA','Standard:','COPY TO GO',1,'2018-06-12 10:25:01'),
	('COPYT  ','1','COPY-TECH ADVANCE SOLUTIONS',1,'2018-06-12 10:25:01'),
	('COPYTEC','Standard:','COPYTECH SALES AND SERVICES',1,'2018-06-12 10:25:01'),
	('COPYUNI','Standard:','COPY UNION',1,'2018-06-12 10:25:01'),
	('COPYVAN','1','SUMINISTROS Y EQUIPOS COPYVAN',1,'2018-06-12 10:25:01'),
	('COPY_SO','3','COPY_SOLUTION',1,'2018-06-12 10:25:01'),
	('CORE   ','Standard:','CORE',1,'2018-06-12 10:25:01'),
	('COREMAT','Standard:','SERVICIOS COREMAT',1,'2018-06-12 10:25:01'),
	('CORP   ','Standard:','CORPORACION DIB',1,'2018-06-12 10:25:01'),
	('CORP AL','Standard:','CORPORACION ALEMAR SAC',1,'2018-06-12 10:25:01'),
	('CORP AN','5','CORPORACION ANDES PRODUCTS SAC',1,'2018-06-12 10:25:01'),
	('CORP CO','Standard:','CORPORACION DE COPIADORAS SAC',1,'2018-06-12 10:25:01'),
	('CORPCOP','Standard:','CORPORACION COPYMAX',1,'2018-06-12 10:25:01'),
	('CORPO  ','1','CORPO PRINT SERVICE C.A.',1,'2018-06-12 10:25:01'),
	('CORPOR.','Standard:','CORPORACION TECMINOL S.A.C.',1,'2018-06-12 10:25:01'),
	('CORPORA','Standard:','CORPORACION TERAN',1,'2018-06-12 10:25:01'),
	('CR COPI','1','CR COPIER TRADING WHOLESALE',1,'2018-06-12 10:25:01'),
	('CRIDEGC','Standard:','CRIDEGCOM',1,'2018-06-12 10:25:01'),
	('CRISTO ','Standard:','CRISTOBAL ESPINOSA',1,'2018-06-12 10:25:01'),
	('DANAET ','1','DANAET POZO',1,'2018-06-12 10:25:01'),
	('DANKA  ','Standard:','DANKA  MEXICO',1,'2018-06-12 10:25:01'),
	('DANKAPA','Standard:','DANKA PANAMA',1,'2018-06-12 10:25:01'),
	('DATABAZ','1','DATABAZAAR.COM',1,'2018-06-12 10:25:01'),
	('DATACON','Standard:','DATACONT S.A.C.',1,'2018-06-12 10:25:01'),
	('DATACOP','Standard:','DATACOPY CORP',1,'2018-06-12 10:25:01'),
	('DATAFOR','Standard:','DATAFORMAS DE COSTA RICA SA.',1,'2018-06-12 10:25:01'),
	('DATAPRO','Standard:','DATAPRO',1,'2018-06-12 10:25:01'),
	('DATATEC','1','DATA TECH',1,'2018-06-12 10:25:01'),
	('DATECSA','4','DATECSA S.A',1,'2018-06-12 10:25:01'),
	('DC     ','Standard:','DC OFFICE',1,'2018-06-12 10:25:01'),
	('DECOSOL','Standard:','DECOSOLUTION S.A.',1,'2018-06-12 10:25:01'),
	('DELCOP ','1','DELCOP LLC.',1,'2018-06-12 10:25:01'),
	('DELEON ','Standard:','DE LEON Y ASOCIADOS',1,'2018-06-12 10:25:01'),
	('DENARY ','1','DENARY SERVICE S.A.',1,'2018-06-12 10:25:01'),
	('DIAZ   ','Standard:','SOLUCIONES DIAZ',1,'2018-06-12 10:25:01'),
	('DIBAZA ','Standard:','DIBAZA',1,'2018-06-12 10:25:01'),
	('DIG IMP','Standard:','DIGITAL IMPORT CUSCO S.A.C',1,'2018-06-12 10:25:01'),
	('DIGAMA ','Standard:','DIST. INTL. GAMA S DE R.L',1,'2018-06-12 10:25:01'),
	('DIGICOP','Standard:','DIGI COPY C.A.',1,'2018-06-12 10:25:01'),
	('DIGITAL','Standard:','DBC DIGITAL BOLIVIA. COM',1,'2018-06-12 10:25:01'),
	('DIGITRO','Standard:','DIGITRON CIA LTDA',1,'2018-06-12 10:25:01'),
	('DILAKI ','Standard:','DILAKI S.A.',1,'2018-06-12 10:25:01'),
	('DIMA   ','Standard:','DIMA',1,'2018-06-12 10:25:01'),
	('DINEETS','1','DINEET\'S INDUSTRIAL SUPPLIES',1,'2018-06-12 10:25:01'),
	('DISA   ','3','HERKO AUTOMOTIVE GROUP',1,'2018-06-12 10:25:01'),
	('DISER  ','Standard:','DISERPRO',1,'2018-06-12 10:25:01'),
	('DISJASS','5','DISTRIJASS Y CIA SAS',1,'2018-06-12 10:25:01'),
	('DISPATO','5','PLEMUNDO S.A.S.',1,'2018-06-12 10:25:01'),
	('DIST UN','Standard:','DISTRIBUIDORA UNIVERSAL S.A.',1,'2018-06-12 10:25:01'),
	('DIST. T','Standard:','DIST. TONER & COPIAS',1,'2018-06-12 10:25:01'),
	('DISTCOP','5','MARIA LUCIA CARVAJAL ROSALES',1,'2018-06-12 10:25:01'),
	('DISTRIB','Standard:','DISTRIBUIDORA PIMENTEL',1,'2018-06-12 10:25:01'),
	('DISTRIT','Standard:','DISTRITONERS',1,'2018-06-12 10:25:01'),
	('DISTRIV','Standard:','DISTRIVISA LTDA',1,'2018-06-12 10:25:01'),
	('DIYUSA ','Standard:','DISTRIBUIDORA YUSHIMITO S.A.',1,'2018-06-12 10:25:01'),
	('DNA    ','Standard:','MULTI SOLUTIONS DNA',1,'2018-06-12 10:25:01'),
	('DON MEY','1','DON MEYLER INSPECTIONS',1,'2018-06-12 10:25:01'),
	('DOUGLAS','1','DOUGLAS GONZALEZ',1,'2018-06-12 10:25:01'),
	('DRT 88 ','1','DRT 88 INC',1,'2018-06-12 10:25:01'),
	('DUCOPRI','Standard:','DUCOPRINT',1,'2018-06-12 10:25:01'),
	('DUHAU  ','1','ALBERTO DUHAU',1,'2018-06-12 10:25:01'),
	('DUTEC  ','Standard:','DUTEC',1,'2018-06-12 10:25:01'),
	('EBAY   ','1','EBAY',1,'2018-06-12 10:25:01'),
	('EC COPI','1','EC COPIERS',1,'2018-06-12 10:25:01'),
	('ECO    ','Standard:','ECO PUMICE INDUSTRIES',1,'2018-06-12 10:25:01'),
	('ECO INK','Standard:','INVERSIONES CIWESMA S DE RL',1,'2018-06-12 10:25:01'),
	('ECOLOGI','Standard:','ECOLOGIC',1,'2018-06-12 10:25:01'),
	('ECOTONE','Standard:','ECOTONER',1,'2018-06-12 10:25:01'),
	('ECUA   ','1','ECUA-COPY INC',1,'2018-06-12 10:25:01'),
	('EG COPI','Standard:','EG COPIADORAS',1,'2018-06-12 10:25:01'),
	('EH TECH','5','ELECTRO HOGAR SRL',1,'2018-06-12 10:25:01'),
	('ELEAZAR','1','ELEAZAR PLANAS',1,'2018-06-12 10:25:01'),
	('ELECTRO','Standard:','ELECTROTEKNIA HONDURAS',1,'2018-06-12 10:25:01'),
	('ELEVENC','1','ELEVENCA CORP',1,'2018-06-12 10:25:01'),
	('ENDATO ','Standard:','ENDATO',1,'2018-06-12 10:25:01'),
	('ENERDI ','Standard:','COMERCIAL Y SERVICIOS MARCELO OCARANZA EIRL',1,'2018-06-12 10:25:01'),
	('ENRIQUE','1','ENRIQUE FERNANDEZ',1,'2018-06-12 10:25:01'),
	('EQUITRO','Standard:','EQUITRON  CANON',1,'2018-06-12 10:25:01'),
	('ERIC   ','Standard:','ERIC SOLIS MARKETING LIMITED',1,'2018-06-12 10:25:01'),
	('ERIKCIS','Standard:','ERIKA CISNEROS ROSADO',1,'2018-06-12 10:25:01'),
	('ESKANDI','Standard:','ESKANDIA S.R.L.',1,'2018-06-12 10:25:01'),
	('ESPE   ','Standard:','ESPE LIMITADA',1,'2018-06-12 10:25:01'),
	('EXODO  ','Standard:','EXODO SOLUCIONES',1,'2018-06-12 10:25:01'),
	('EXOTROP','1','EXOTROPICALS FLOWERS INC',1,'2018-06-12 10:25:01'),
	('EXP SPA','1','EXPRESS SPA',1,'2018-06-12 10:25:01'),
	('EXPRES ','1','EXPRESS COPIERS INC',1,'2018-06-12 10:25:01'),
	('EXPRESS','Standard:','OFFICE EXPRESS',1,'2018-06-12 10:25:01'),
	('EXTERNA','Standard:','EXTERNAL  MARKET',1,'2018-06-12 10:25:01'),
	('EXTRA  ','Standard:','EXTRA COPIADORAS',1,'2018-06-12 10:25:01'),
	('FASTLAN','1','FASTLANE OF FLORIDA CORP',1,'2018-06-12 10:25:01'),
	('FAXMIR ','5','FAXMIR S.A.',1,'2018-06-12 10:25:01'),
	('FELIX  ','1','FELIX SEIJAS',1,'2018-06-12 10:25:01'),
	('FERIA  ','5','CM COPYTRADING USA. INC',1,'2018-06-12 10:25:01'),
	('FIGUERO','Standard:','IMPORTACIONES FIGUEROA CASTRO',1,'2018-06-12 10:25:01'),
	('FIXXON ','Standard:','FIXXON SUPRIMENTOS',1,'2018-06-12 10:25:01'),
	('FLAMENC','Standard:','CARLOS ARTURO FLAMENCO MALDONA',1,'2018-06-12 10:25:01'),
	('FLORIDA','1','FLORIDA COPY SERVICE',1,'2018-06-12 10:25:01'),
	('FORKLIF','1','FORKLIFT PARTS & EQUIPMENT INC',1,'2018-06-12 10:25:01'),
	('FOTASA ','Standard:','FOTOCOPIAS TAPIA S.A.',1,'2018-06-12 10:25:01'),
	('FOTOCOP','Standard:','FOTOCOPIADORAS Y SUM',1,'2018-06-12 10:25:01'),
	('FRAMI  ','1','FRAMI FREIGHT IMP & EXP INC.',1,'2018-06-12 10:25:01'),
	('FRANC  ','1','FRANCISCO J. VILLEGAS',1,'2018-06-12 10:25:01'),
	('FRANKLI','Standard:','FRANKLIN GUTIERREZ ASOC',1,'2018-06-12 10:25:01'),
	('FREE ST','Standard:','RODRIGO GUEVARA FERNANDEZ',1,'2018-06-12 10:25:01'),
	('FRONTIE','1','FRONTIER OFFICE SOLUTIONS',1,'2018-06-12 10:25:01'),
	('FTP    ','1','FTP Security Services Inc',1,'2018-06-12 10:25:01'),
	('FUTURE ','Standard:','FUTURE GRAPHICS',1,'2018-06-12 10:25:01'),
	('GABBY  ','1','GABRIELA M. BENARROCH',1,'2018-06-12 10:25:01'),
	('GABY   ','Standard:','GABY W. RODRIGUEZ / JOSE LUIS VARELA',1,'2018-06-12 10:25:01'),
	('GAMEDA ','Standard:','GAMEDA COMERCIAL',1,'2018-06-12 10:25:01'),
	('GANB   ','1','GANB INSPECTORES DE RIESGOS Y ASOCIADOS LLC',1,'2018-06-12 10:25:01'),
	('GANIPLU','Standard:','GANIPLUS',1,'2018-06-12 10:25:01'),
	('GBM NIC','Standard:','MIAMI DIRECT INC',1,'2018-06-12 10:25:01'),
	('GCI    ','1','GCI INTERNATIONAL TRADING',1,'2018-06-12 10:25:01'),
	('GEDICOP','Standard:','GEDICOP EIRL',1,'2018-06-12 10:25:01'),
	('GEORGE ','Standard:','GEORGE PEREZ',1,'2018-06-12 10:25:01'),
	('GERARDO','1','GERARDO IBARRA',1,'2018-06-12 10:25:01'),
	('GEYMA  ','1','GEYMA LTDA.',1,'2018-06-12 10:25:01'),
	('GIREFOX','Standard:','GIREFOX S.A.',1,'2018-06-12 10:25:01'),
	('GLA    ','Standard:','GLA OFFICE SUPPLIES',1,'2018-06-12 10:25:01'),
	('GLO/OT ','Standard:','GLOBALTEK OTROS',1,'2018-06-12 10:25:01'),
	('GLOBA  ','1','GLOBAL DIGITAL CORP',1,'2018-06-12 10:25:01'),
	('GLOBALB','Standard:','GLOBAL BUSINESS IT',1,'2018-06-12 10:25:01'),
	('GONZALO','Standard:','GONZALO PINO',1,'2018-06-12 10:25:01'),
	('GP GLOB','1','GP GLOBAL FINANCE',1,'2018-06-12 10:25:01'),
	('GPI    ','Standard:','GENERAL PLASTIC INDUSTRIAL',1,'2018-06-12 10:25:01'),
	('GRAFICA','Standard:','GRAFICA CEIBE„A',1,'2018-06-12 10:25:01'),
	('GRAN IM','4','GRAN IMAGEN S.A.S.',1,'2018-06-12 10:25:01'),
	('GRAU   ','Standard:','GRAU Y GRAU LTDA.',1,'2018-06-12 10:25:01'),
	('GRUPO  ','Standard:','GRUPO INTERLOGIXS',1,'2018-06-12 10:25:01'),
	('GSYSTEM','1','G-SYSTEM',1,'2018-06-12 10:25:01'),
	('GTC    ','Standard:','GTC RIBBON',1,'2018-06-12 10:25:01'),
	('GUEVARA','Standard:','GUEVARA LENIS WLADIMIR RICARDO',1,'2018-06-12 10:25:01'),
	('GUILA  ','Standard:','GUILA EQUIPOS TECNICOS S.A.',1,'2018-06-12 10:25:01'),
	('GUTIERR','Standard:','WILLIAM GUTIERREZ',1,'2018-06-12 10:25:01'),
	('HAHN BI','1','HANBIT PRESBYTERIAN CHURCH',1,'2018-06-12 10:25:01'),
	('HANDELL','Standard:','IMPORTADORA HANDELL',1,'2018-06-12 10:25:01'),
	('HERNAND','Standard:','HERNANDEZ Y VALENZUELA LIMITAD',1,'2018-06-12 10:25:01'),
	('HIGH   ','Standard:','HIGH QUALITY PRODUCTS INC',1,'2018-06-12 10:25:01'),
	('HISPANI','1','HISPANIOLA SERVICE LLC',1,'2018-06-12 10:25:01'),
	('HONDURA','Standard:','SUPER STORE OFFICE SUPPLY 4-41 S DE R.L DE C.V',1,'2018-06-12 10:25:01'),
	('IBEROCO','5','IBERO IMPORT ALL-COPIERS',1,'2018-06-12 10:25:01'),
	('ICAZA  ','Standard:','J. ICAZA & ASOCIADOS',1,'2018-06-12 10:25:01'),
	('IDES   ','Standard:','IDES DE GUATEMALA',1,'2018-06-12 10:25:01'),
	('IDS    ','1','INTERNATIONAL DIGITAL SOLUTION',1,'2018-06-12 10:25:01'),
	('IFT INT','1','IFT INTERNATIONAL INC.',1,'2018-06-12 10:25:01'),
	('IKON   ','Standard:','IKON MEXICO',1,'2018-06-12 10:25:01'),
	('IMAGE  ','1','IMAGE CANON',1,'2018-06-12 10:25:01'),
	('IMDUCOP','Standard:','IMDUCOP SAS',1,'2018-06-12 10:25:01'),
	('IMPGRAF','Standard:','IMGRAF',1,'2018-06-12 10:25:01'),
	('IMPOIMA','Standard:','IMPOIMAGEN SAS',1,'2018-06-12 10:25:01'),
	('IMPORT ','Standard:','IMPORTACIONES  GENESIS',1,'2018-06-12 10:25:01'),
	('IMPORTA','Standard:','IMPORTACIONES MERCANTILES DEL',1,'2018-06-12 10:25:01'),
	('IMPORTI','Standard:','IMPORTINTAS',1,'2018-06-12 10:25:01'),
	('IMPRESO','Standard:','NO USAR',1,'2018-06-12 10:25:01'),
	('IMPRO C','1','IMPRO CORP',1,'2018-06-12 10:25:01'),
	('INK    ','4','INK EXPRESS S DE R.L',1,'2018-06-12 10:25:01'),
	('INKLASE','4','INKLASER',1,'2018-06-12 10:25:01'),
	('INKTEC ','Standard:','INKTEC NICARAGUA',1,'2018-06-12 10:25:01'),
	('INNOVAC','Standard:','INNOVACIONES TECNOLOGICAS - IMAGINARIUM S.A',1,'2018-06-12 10:25:01'),
	('INSERFO','5','INSERFO',1,'2018-06-12 10:25:01'),
	('INTEGRA','Standard:','MULTISERVICIOS INTEGRALES',1,'2018-06-12 10:25:01'),
	('INTELLI','4','INTELLIGENCE BUSINESS',1,'2018-06-12 10:25:01'),
	('INTERCO','1','INTERCOM COPIER',1,'2018-06-12 10:25:01'),
	('INTERNA','1','INTERNATIONAL STUDIO',1,'2018-06-12 10:25:01'),
	('INVERSE','Standard:','INVERSE PERU DIGITAL',1,'2018-06-12 10:25:01'),
	('IQS    ','Standard:','IQS INGENIERIA Y SERVICIOS GEN',1,'2018-06-12 10:25:01'),
	('ISEFO  ','Standard:','ISEFO GUATEMALA',1,'2018-06-12 10:25:01'),
	('ITC    ','1','INTERNATIONAL TONER CORP',1,'2018-06-12 10:25:01'),
	('ITPARTE','Standard:','IT PARTES',1,'2018-06-12 10:25:01'),
	('J.R.V. ','Standard:','J.R.V. DISTRIBUIDORA',1,'2018-06-12 10:25:01'),
	('JAAM   ','3','MAQUINARIAS JAAM SA',1,'2018-06-12 10:25:01'),
	('JAAMSAC','4','JAAMSA COLOMBIA',1,'2018-06-12 10:25:01'),
	('JAVIER ','Standard:','JAVIER VEGA',1,'2018-06-12 10:25:01'),
	('JFK    ','1','JORGE KRAUSS',1,'2018-06-12 10:25:01'),
	('JIMMY  ','Standard:','JIMMY RODRIGUEZ',1,'2018-06-12 10:25:01'),
	('JIREH  ','Standard:','JIREH SUPPLIES SRL',1,'2018-06-12 10:25:01'),
	('JOSE   ','1','jrda',1,'2018-06-12 10:25:01'),
	('JOSE E ','Standard:','CR COPIADORAS',1,'2018-06-12 10:25:01'),
	('JOSE MI','Standard:','JOSE MIGUEL RIVERA',1,'2018-06-12 10:25:01'),
	('JRD    ','5','J.R.D EXPORTS. INC',1,'2018-06-12 10:25:01'),
	('JUAN OS','Standard:','JUAN OSCAR MARQUEZ IMPORT/EXPO',1,'2018-06-12 10:25:01'),
	('JUMAGI ','Standard:','JUMAGI',1,'2018-06-12 10:25:01'),
	('JURADO ','Standard:','IMPORTADORA JURADO',1,'2018-06-12 10:25:01'),
	('JUVENCO','1','JUVENCO TRADING INT\'L INC',1,'2018-06-12 10:25:01'),
	('JW     ','5','JW ENTERPRISES S.A.',1,'2018-06-12 10:25:01'),
	('K&M    ','Standard:','COPIA EXPRESS K & M',1,'2018-06-12 10:25:01'),
	('KAGAKU ','1','MITSUBISHI KAGAKU IMAGING CORP',1,'2018-06-12 10:25:01'),
	('KAIROS ','Standard:','KAIROS CAPITAL MANAGEMENT SAC',1,'2018-06-12 10:25:01'),
	('KERBE  ','Standard:','COMERCIAL KERBE LIMITADA',1,'2018-06-12 10:25:01'),
	('KM SOLU','Standard:','KM SOLUTIONS S.A.',1,'2018-06-12 10:25:01'),
	('KMSPRO ','Standard:','FOTOCOPIADORAS KMSPRO CIA.LTDA',1,'2018-06-12 10:25:01'),
	('KOVALTE','Standard:','KOVALTEK SAC',1,'2018-06-12 10:25:01'),
	('L&AR   ','1','L & AR IMPORT EXPORT',1,'2018-06-12 10:25:01'),
	('LA CASA','Standard:','VICTOR HUGO PINTO A (CASA DEL RECICLAJE)',1,'2018-06-12 10:25:01'),
	('LA OFIC','Standard:','LA OFICINA SRL',1,'2018-06-12 10:25:01'),
	('LABORAT','Standard:','INVERSIONES FERNANDO',1,'2018-06-12 10:25:01'),
	('LACOPIA','Standard:','ROBERTO ORELLANA VALDEZ / LA COPIA',1,'2018-06-12 10:25:01'),
	('LAGO   ','1','CARLOS LAGO',1,'2018-06-12 10:25:01'),
	('LAMARGA','1','LA MARGARITA WONDERFOOD',1,'2018-06-12 10:25:01'),
	('LANSTON','1','LANDSTONE BUILDERS INC.',1,'2018-06-12 10:25:01'),
	('LASER  ','Standard:','LASER LABORATORIOS',1,'2018-06-12 10:25:01'),
	('LASER T','1','LASER TEC',1,'2018-06-12 10:25:01'),
	('LATIN  ','1','LATIN AMERICAN COPIERS INC.',1,'2018-06-12 10:25:01'),
	('LDP    ','1','LDP GROUP',1,'2018-06-12 10:25:01'),
	('LEDEZMA','3','SERVICIOS ELECTRONICOS LEDEZMA',1,'2018-06-12 10:25:01'),
	('LENK   ','Standard:','LENK COM MAQ. COPIADORAS LTDA',1,'2018-06-12 10:25:01'),
	('LEOPOLD','1','LEOPOLDO FRANCO',1,'2018-06-12 10:25:01'),
	('LIFOT  ','5','LIFOT S.R.L.',1,'2018-06-12 10:25:01'),
	('LINCOLN','1','LINCOLN IMP. EXP. INC',1,'2018-06-12 10:25:01'),
	('LK     ','Standard:','LK IMPORTACIONES',1,'2018-06-12 10:25:01'),
	('LORENA ','1','LORENA NOGUERA',1,'2018-06-12 10:25:01'),
	('LTEC   ','Standard:','L-TEC SYSTEMS',1,'2018-06-12 10:25:01'),
	('LUCRII ','Standard:','LUCRII SYSTEMS LTDA',1,'2018-06-12 10:25:01'),
	('M&M    ','1','M & M OFFICE SOLUTIONS',1,'2018-06-12 10:25:01'),
	('M.A.   ','1','M.A INVESTOR GROUP INC',1,'2018-06-12 10:25:01'),
	('MACCENT','Standard:','MACCENTER COMERCIO DE EQUIPAMENTOS E SERVICOS LTDA',1,'2018-06-12 10:25:01'),
	('MACHINE','1','BUSINESS MACHINES & SUPPLIES',1,'2018-06-12 10:25:01'),
	('MACRO  ','Standard:','MACROCHIPS',1,'2018-06-12 10:25:01'),
	('MACROSE','Standard:','MACRO SERVICIOS TECNICOS',1,'2018-06-12 10:25:01'),
	('MAKICOP','Standard:','MAKICOP',1,'2018-06-12 10:25:01'),
	('MALATAX','Standard:','MALATAXI AMAGUA JUAN CARLOS',1,'2018-06-12 10:25:01'),
	('MANIVER','4','MANIVERSA',1,'2018-06-12 10:25:01'),
	('MAPA   ','4','MAPA S.A.',1,'2018-06-12 10:25:01'),
	('MAPAS  ','Standard:','MAPAS. SA',1,'2018-06-12 10:25:01'),
	('MAPI   ','Standard:','MAPI COMERCIAL INFORMATICA',1,'2018-06-12 10:25:01'),
	('MAQUINA','Standard:','MAQUINAS Y EQUIPOS DE OFICINA',1,'2018-06-12 10:25:01'),
	('MARCO A','Standard:','MARCO ANTONIO ALVAREZ GARCIA',1,'2018-06-12 10:25:01'),
	('MARKET ','Standard:','MARKETING Y NEGOC. GENERALES S',1,'2018-06-12 10:25:01'),
	('MARYSOL','Standard:','IMPRESOS MARYSOL/LUIS GONZALEZ',1,'2018-06-12 10:25:01'),
	('MASCOPI','1','MAS COPIADORAS X MENOS',1,'2018-06-12 10:25:01'),
	('MASTER ','Standard:','MASTER MINOL SAC',1,'2018-06-12 10:25:01'),
	('MAXTEC ','1','MAXTEC DISTRIBUTORS CORP.',1,'2018-06-12 10:25:01'),
	('MAYA   ','1','MAYA COPY REPAIR CENTER',1,'2018-06-12 10:25:01'),
	('MD AUDI','1','MD AUDIO ENGINEERING INC',1,'2018-06-12 10:25:01'),
	('MECANOG','Standard:','MECANOGRAFICA',1,'2018-06-12 10:25:01'),
	('MEGA SE','Standard:','COPIADORAS UNIVERSALES',1,'2018-06-12 10:25:01'),
	('MEGASYS','Standard:','MEGASYS SERVICES CORP.',1,'2018-06-12 10:25:01'),
	('MEJIA  ','Standard:','MAQUINARIAS Y EQUIPOS',1,'2018-06-12 10:25:01'),
	('MERKOPY','Standard:','MERKOPY',1,'2018-06-12 10:25:01'),
	('METRO  ','1','METRO BUSINESS INC',1,'2018-06-12 10:25:01'),
	('MIA PAR','1','MIAMI PARTNERS REALTY GROUP',1,'2018-06-12 10:25:01'),
	('MIAMI  ','1','MIAMI INTERNATIONAL',1,'2018-06-12 10:25:01'),
	('MIAMI G','1','MIAMI GARDENS MONTESSORI',1,'2018-06-12 10:25:01'),
	('MICHIRI','1','NEW AND USED COPIERS CORP',1,'2018-06-12 10:25:01'),
	('MIDCITY','1','MID-CITY OFFICE EQUIPMENT',1,'2018-06-12 10:25:01'),
	('MIGUEL ','1','MIGUEL RAVELO',1,'2018-06-12 10:25:01'),
	('MIKALEK','1','MIKALEK TRADING',1,'2018-06-12 10:25:01'),
	('MINOL Y','Standard:','MINOL Y SOLUCIONES PERU SAC',1,'2018-06-12 10:25:01'),
	('MINOLTA','Standard:','MINOLTA SERVICES',1,'2018-06-12 10:25:01'),
	('MISH   ','Standard:','MSH LATINO AMERICANA',1,'2018-06-12 10:25:01'),
	('MOLINAC','Standard:','MOLINA COPIER SERVICE',1,'2018-06-12 10:25:01'),
	('MONTADA','1','DR. E. A. MONTADAS',1,'2018-06-12 10:25:01'),
	('MORE   ','1','MORE TECH BUSINESS SYSTEM CORP',1,'2018-06-12 10:25:01'),
	('MR SOLU','Standard:','MR IMPORTACAO & EXPORTACAO LTD',1,'2018-06-12 10:25:01'),
	('MR. COP','Standard:','OFICINAS TECNOLOGICAS',1,'2018-06-12 10:25:01'),
	('MTM    ','Standard:','MTM',1,'2018-06-12 10:25:01'),
	('MULTI  ','1','MULTI EQUIPOS MAYOR LARA C.A.',1,'2018-06-12 10:25:01'),
	('MULTI S','Standard:','MULTI-SERVICIOS MP',1,'2018-06-12 10:25:01'),
	('MULTIFU','Standard:','MULTIFUNCIONAL CENTER',1,'2018-06-12 10:25:01'),
	('MULTISE','1','MULTISERVICE JJ LLC',1,'2018-06-12 10:25:01'),
	('MULTISO','Standard:','MULTI SOLUTIONS DNA',1,'2018-06-12 10:25:01'),
	('MULTITE','Standard:','MULTITEK',1,'2018-06-12 10:25:01'),
	('MVHCOPI','Standard:','MVH COPIER SOLUTION SAC',1,'2018-06-12 10:25:01'),
	('NA TRAD','1','NA TRADING & TECHNOLOGY',1,'2018-06-12 10:25:01'),
	('NATIONA','1','NATIONAL COPY CARTRIDGE',1,'2018-06-12 10:25:01'),
	('NBN    ','Standard:','NBN COPIERS RUC 205190',1,'2018-06-12 10:25:01'),
	('NEKTECH','Standard:','NEKTECH',1,'2018-06-12 10:25:01'),
	('NEMESIS','1','NEMESIS DISTRIBUTORS INC.',1,'2018-06-12 10:25:01'),
	('NEST   ','Standard:','TEKNOVA EIRL',1,'2018-06-12 10:25:01'),
	('NET    ','Standard:','NET COPIADORAS SA DE CV',1,'2018-06-12 10:25:01'),
	('NETGLOB','1','NETGLOBAL INTERNATIONAL LLC',1,'2018-06-12 10:25:01'),
	('NEVIC  ','Standard:','NEGOCIOS CREATIVOS NEVIC S.A.',1,'2018-06-12 10:25:01'),
	('NEW COP','5','NEW COPY',1,'2018-06-12 10:25:01'),
	('NEW ENG','1','NEW ENGLAND COMPUTER SOLUTIONS',1,'2018-06-12 10:25:01'),
	('NEW IMA','1','NEW IMAGE BUSINESS SOLUTIONS',1,'2018-06-12 10:25:01'),
	('NEXUS  ','Standard:','NEXUS DIGITAL SRL.',1,'2018-06-12 10:25:01'),
	('NIBI   ','Standard:','IMPORTADORA NIBI',1,'2018-06-12 10:25:01'),
	('NIKITI ','1','NIKITI TRADE EQUIP INTL RENTAL',1,'2018-06-12 10:25:01'),
	('NITICOP','Standard:','NITICOPIADOS',1,'2018-06-12 10:25:01'),
	('NOVAMIL','Standard:','INNOVACION 2000 NOVAMILSA S.A.',1,'2018-06-12 10:25:01'),
	('NOVATEK','1','NOVATEK GROUP CORP',1,'2018-06-12 10:25:01'),
	('OCP    ','5','OCP DEL PERU S.A.C.',1,'2018-06-12 10:25:01'),
	('OFF PRO','1','OFFICE PRODUCT TRAIDING CORP',1,'2018-06-12 10:25:01'),
	('OFFICE ','1','OFFICE MERCHANDISE',1,'2018-06-12 10:25:01'),
	('OFFICED','Standard:','OFFICE DATA',1,'2018-06-12 10:25:01'),
	('OFFISHO','Standard:','OFFISHOP GROUP C.A.',1,'2018-06-12 10:25:01'),
	('OFFSUPP','Standard:','OFFICE SUPPLY TECH',1,'2018-06-12 10:25:01'),
	('OFI CEN','Standard:','OFI-CENTER',1,'2018-06-12 10:25:01'),
	('OFICENT','Standard:','OFICENTRO COSTA RICA S.A.',1,'2018-06-12 10:25:01'),
	('OFICINA','Standard:','LA OFICINA SRL',1,'2018-06-12 10:25:01'),
	('OFICOPY','Standard:','OFICOPY',1,'2018-06-12 10:25:01'),
	('OFIMAT ','Standard:','OFIMAT',1,'2018-06-12 10:25:01'),
	('OFITEC ','Standard:','OFITEC',1,'2018-06-12 10:25:01'),
	('OFITRON','Standard:','OFITRONIC',1,'2018-06-12 10:25:01'),
	('OFIX   ','Standard:','REP. Y SOLU. PARA OFICINA',1,'2018-06-12 10:25:01'),
	('OPINE  ','Standard:','OPINE COMPANY LTDA',1,'2018-06-12 10:25:01'),
	('ORDONEZ','1','ANDRES ORDONEZ',1,'2018-06-12 10:25:01'),
	('ORIGINA','Standard:','ORIGINAL MACHINES',1,'2018-06-12 10:25:01'),
	('OVERSEA','Standard:','OVERSEAS TRADE SUPPLY E.U.',1,'2018-06-12 10:25:01'),
	('PABLO  ','1','PABLO SANCHEZ',1,'2018-06-12 10:25:01'),
	('PALM BE','1','PALM BEACH INTERNATIONAL REALTY',1,'2018-06-12 10:25:01'),
	('PAPELER','Standard:','PAPELERêA Y FOTOCOPIAS MAKALU',1,'2018-06-12 10:25:01'),
	('PAPELM ','1','INVERSIONES PAPELMANIA 2000 INC DBA PAPELMANIA USA',1,'2018-06-12 10:25:01'),
	('PCS PRO','1','PCS PROFESSIONAL COMPUTER SOLU',1,'2018-06-12 10:25:01'),
	('PEREIRA','Standard:','PEREIRA & COMPANY LTD.',1,'2018-06-12 10:25:01'),
	('PEREZ  ','5','IMPORTACIONES PEREZ S.A.C.',1,'2018-06-12 10:25:01'),
	('PERU   ','Standard:','PERU OFFICE S.A',1,'2018-06-12 10:25:01'),
	('PIPE KI','1','PIPE KING LLC',1,'2018-06-12 10:25:01'),
	('PIRA   ','3','PIRA COPIAS COMERCIO E SERVICO',1,'2018-06-12 10:25:01'),
	('PIRAMID','Standard:','PROYECTOS Y SERVICIOS PIRAMIDE',1,'2018-06-12 10:25:01'),
	('PLINK  ','1','PRINTERLINK',1,'2018-06-12 10:25:01'),
	('PRAVTEC','Standard:','PRAVTEC SRL',1,'2018-06-12 10:25:01'),
	('PRECISI','1','PRECISION COPIER SERVICE',1,'2018-06-12 10:25:01'),
	('PRIME  ','1','PRIME BUSINESS SOLUTIONS CORP',1,'2018-06-12 10:25:01'),
	('PRINICA','3','PRINTER DE NICARAGUA',1,'2018-06-12 10:25:01'),
	('PRINSAL','3','PRINTER DEL SALVADOR S.A DE CV',1,'2018-06-12 10:25:01'),
	('PRINT D','4','PRINTER DE COSTA RICA S.A.',1,'2018-06-12 10:25:01'),
	('PRINT N','Standard:','PRINT NET',1,'2018-06-12 10:25:01'),
	('PRINTE ','1','PRINTER SOLUTIONS LLC',1,'2018-06-12 10:25:01'),
	('PRINTEC','3','PRINTEC S.A.',1,'2018-06-12 10:25:01'),
	('PRINTEK','1','PRINTEK',1,'2018-06-12 10:25:01'),
	('PROINSE','3','RAIMUNDO RICHARD GUZMAN MONTA„O / PROINSE',1,'2018-06-12 10:25:01'),
	('PROYECT','Standard:','PROYECTO COLOR',1,'2018-06-12 10:25:01'),
	('PS SOLU','Standard:','P.S. SOLUTIONS',1,'2018-06-12 10:25:01'),
	('QUALITY','1','QUALITY TECH',1,'2018-06-12 10:25:01'),
	('RADHIKA','Standard:','RADHIKA MUNGAL',1,'2018-06-12 10:25:01'),
	('RAVEN  ','Standard:','RAVEN INDUSTRIES',1,'2018-06-12 10:25:01'),
	('RCMULTI','1','RC MULTISERVICE INC',1,'2018-06-12 10:25:01'),
	('REALTY ','1','REALTY BRICKELL',1,'2018-06-12 10:25:01'),
	('RECLICK','Standard:','RECLICK SOLUOEES LTDA - ME',1,'2018-06-12 10:25:01'),
	('RENE   ','Standard:','RENE DIGITAL SERVICE',1,'2018-06-12 10:25:01'),
	('RENGEL ','Standard:','RENGEL S.R.L.',1,'2018-06-12 10:25:01'),
	('REPRODU','Standard:','REPRODUCCIONES ANAI',1,'2018-06-12 10:25:01'),
	('RICARDO','Standard:','RICARDO GIMENEZ',1,'2018-06-12 10:25:01'),
	('RICKOM ','Standard:','RICKOM EIRL',1,'2018-06-12 10:25:01'),
	('RICOHMS','Standard:','RICOHMS S.R.L.',1,'2018-06-12 10:25:01'),
	('RIVAS  ','Standard:','RIVAS LIMITADA',1,'2018-06-12 10:25:01'),
	('RJS    ','1','RJ SPENCER CONSTRUCTION',1,'2018-06-12 10:25:01'),
	('ROBTECH','1','ROB TECH OFFICE SOLUTIONS',1,'2018-06-12 10:25:01'),
	('ROMIS  ','Standard:','ROMIS NELIMAR',1,'2018-06-12 10:25:01'),
	('ROSS IN','1','ROSS INTERNATIONAL',1,'2018-06-12 10:25:01'),
	('SABAS E','Standard:','SABAS EFRAIN SAENZ ZELEDON',1,'2018-06-12 10:25:01'),
	('SANEK  ','Standard:','SANEK LLC',1,'2018-06-12 10:25:01'),
	('SAT DE ','Standard:','SAT DE HONDURAS',1,'2018-06-12 10:25:01'),
	('SAVE   ','Standard:','SAVE COLOMBIA COMPANY S.A.S.',1,'2018-06-12 10:25:01'),
	('SAVIN  ','3','SAVIN',1,'2018-06-12 10:25:01'),
	('SAVIT  ','Standard:','S.A VITORIA COMERCIO INDUSTRIA',1,'2018-06-12 10:25:01'),
	('SAXON  ','1','SAXON',1,'2018-06-12 10:25:01'),
	('SEMACOM','Standard:','ANTONIO LAROCCA',1,'2018-06-12 10:25:01'),
	('SEMAFO ','Standard:','SEMAFO SRL',1,'2018-06-12 10:25:01'),
	('SER EXP','Standard:','SERVICE EXPRESS',1,'2018-06-12 10:25:01'),
	('SERES  ','Standard:','TECNICO SERES S.A. DE C.V.',1,'2018-06-12 10:25:01'),
	('SERMACO','Standard:','FERNANDA DAYANARA FRUTOS VILLA',1,'2018-06-12 10:25:01'),
	('SERTECO','Standard:','SERTECO',1,'2018-06-12 10:25:01'),
	('SERV TE','Standard:','SERVICIO TECNICO COMERCIAL',1,'2018-06-12 10:25:01'),
	('SERVICE','Standard:','SERVICENTRO S.R.L.',1,'2018-06-12 10:25:01'),
	('SERVICI','Standard:','SERVICIOS MULTIPLES JM',1,'2018-06-12 10:25:01'),
	('SERVICO','Standard:','SERVICOP DE COLOMBIA',1,'2018-06-12 10:25:01'),
	('SERVIMP','3','GUADALUPE REMEDIO CASTRO PEREZ',1,'2018-06-12 10:25:01'),
	('SERVIPR','Standard:','SERVIPRINTEC',1,'2018-06-12 10:25:01'),
	('SERVISO','Standard:','SERVICIOS Y SOLUCIONES EDWARDS',1,'2018-06-12 10:25:01'),
	('SERVIT ','Standard:','SERVITEC',1,'2018-06-12 10:25:01'),
	('SERVITE','Standard:','SERVITEX',1,'2018-06-12 10:25:01'),
	('SERVITO','Standard:','SERVITONER',1,'2018-06-12 10:25:01'),
	('SEVERO ','Standard:','SEVERO TAMBO',1,'2018-06-12 10:25:01'),
	('SEVINEX','Standard:','SEVINEX',1,'2018-06-12 10:25:01'),
	('SGD    ','Standard:','SOLUCIONES EN GESTION DOCUMENTAL SGD CIA LTDA',1,'2018-06-12 10:25:01'),
	('SHINCO ','1','SHINCO',1,'2018-06-12 10:25:01'),
	('SID NIC','4','SID DE NICARAGUA',1,'2018-06-12 10:25:01'),
	('SIG XXI','Standard:','ELECTRONICA SIGLO XXI',1,'2018-06-12 10:25:01'),
	('SISTE  ','1','SISTEMAS Y EQUIPOS SISTEQUIPOS C.A.',1,'2018-06-12 10:25:01'),
	('SMART  ','Standard:','SMART DEVICES LLC',1,'2018-06-12 10:25:01'),
	('SMARTCO','Standard:','SMARTCOPY COM. IMP LTDA',1,'2018-06-12 10:25:01'),
	('SOFILIN','1','SOFILINK CONTINENTAL INC',1,'2018-06-12 10:25:01'),
	('SOIN   ','1','SOINCOPY',1,'2018-06-12 10:25:01'),
	('SOLTEC ','Standard:','SOLUCIONES TECNICAS Y SUMINISTROS',1,'2018-06-12 10:25:01'),
	('SOLTECS','Standard:','SOLTECSA',1,'2018-06-12 10:25:01'),
	('SOLUTEC','Standard:','SOLUTECH',1,'2018-06-12 10:25:01'),
	('SOLUTIO','Standard:','SOLUTION COPY',1,'2018-06-12 10:25:01'),
	('SOPORTE','Standard:','SOPORTE DIGITAL',1,'2018-06-12 10:25:01'),
	('SORAIRE','Standard:','Soraire Copiers Tech Import',1,'2018-06-12 10:25:01'),
	('SOUTH  ','Standard:','SOUTHTEC',1,'2018-06-12 10:25:01'),
	('SOUTH I','1','NATIONAL COMPUTER SOLUTIONS IN',1,'2018-06-12 10:25:01'),
	('SOUTHLA','Standard:','SOUTHLAND TECHNOLOGIES CORPORATION',1,'2018-06-12 10:25:01'),
	('SPARKS ','1','SPARKS IMAGING INC.',1,'2018-06-12 10:25:01'),
	('STAR   ','1','STAR COMPUTER',1,'2018-06-12 10:25:01'),
	('STARTEC','1','STARTEC S SOLUTIONS LLC',1,'2018-06-12 10:25:01'),
	('STE DIG','Standard:','VILLEGAS RUIZ LUIS ALEJANDRO',1,'2018-06-12 10:25:01'),
	('STE SER','Standard:','STE SERVICIOS TECNICOS',1,'2018-06-12 10:25:01'),
	('STORE  ','Standard:','STORE CENTER S.A.',1,'2018-06-12 10:25:01'),
	('STS    ','Standard:','SERVICIOS TECNICOS Y SOLUCIONE',1,'2018-06-12 10:25:01'),
	('SUDIMOR','3','SUDIMOR S.A.',1,'2018-06-12 10:25:01'),
	('SUM CAR','Standard:','ASLIKIR',1,'2018-06-12 10:25:01'),
	('SUM PAP','4','SUMINISTROS DE PAPEL S.A.',1,'2018-06-12 10:25:01'),
	('SUM Y S','Standard:','MARIO CALDERON',1,'2018-06-12 10:25:01'),
	('SUMINIS','Standard:','SUMINISTROS TECNICOS',1,'2018-06-12 10:25:01'),
	('SUMITEC','Standard:','SUMITEC',1,'2018-06-12 10:25:01'),
	('SUMMAN ','Standard:','SUMMAN',1,'2018-06-12 10:25:01'),
	('SUMYCOM','Standard:','SUMYCOM',1,'2018-06-12 10:25:01'),
	('SUN INT','1','SUN INTERNATIONAL',1,'2018-06-12 10:25:01'),
	('SUNRISE','1','SUNRISE MANAGAMENT',1,'2018-06-12 10:25:01'),
	('SUPERCO','Standard:','SUPERCOMPH',1,'2018-06-12 10:25:01'),
	('SUPERIO','1','SUPERIOR SERVICE & SUPPLIES',1,'2018-06-12 10:25:01'),
	('SUPLI  ','Standard:','SUPLI COPI',1,'2018-06-12 10:25:01'),
	('SUPPLY ','Standard:','DIGITAL COPIER',1,'2018-06-12 10:25:01'),
	('SVG    ','1','SVG SERVICIOS Y SUMINISTROS',1,'2018-06-12 10:25:01'),
	('SYNTES ','Standard:','SYNTES',1,'2018-06-12 10:25:01'),
	('SYSTEM ','Standard:','SYSTEM SERVICIO TECNICO',1,'2018-06-12 10:25:01'),
	('SYT    ','Standard:','SYT INGENIERIA',1,'2018-06-12 10:25:01'),
	('T & U  ','3','T & U IMPORTACIONES S.A.',1,'2018-06-12 10:25:01'),
	('TAMCO  ','Standard:','TAMCO CHILE LTDA.',1,'2018-06-12 10:25:01'),
	('TANAGA ','Standard:','SALAZAR JARAMILLO S.A.S.',1,'2018-06-12 10:25:01'),
	('TCOPIA ','Standard:','T-COPIA',1,'2018-06-12 10:25:01'),
	('TEAM FR','1','TEAM FREIGHT',1,'2018-06-12 10:25:01'),
	('TEC    ','Standard:','TEC ELECTRONICA',1,'2018-06-12 10:25:01'),
	('TECHNOC','1','TECHNOCOPIER',1,'2018-06-12 10:25:01'),
	('TECMINO','Standard:','TECMINOL/// NO USAR',1,'2018-06-12 10:25:01'),
	('TECNICA','Standard:','DTECNICA DE EQUIPOS',1,'2018-06-12 10:25:01'),
	('TECNICO','Standard:','TECNICOM',1,'2018-06-12 10:25:01'),
	('TECNIV ','5','TECNIVENTAS Y SUMINISTROS LTDA',1,'2018-06-12 10:25:01'),
	('TECNO  ','Standard:','ANGEL LEON CANDO',1,'2018-06-12 10:25:01'),
	('TECNO F','Standard:','TECNO FLOPPY C.A',1,'2018-06-12 10:25:01'),
	('TECNOCI','Standard:','TECNOCIBAO',1,'2018-06-12 10:25:01'),
	('TECNOCO','Standard:','TECNOCOPY CIA. LTDA.',1,'2018-06-12 10:25:01'),
	('TECNOLA','Standard:','TECNOLASER',1,'2018-06-12 10:25:01'),
	('TECOPIA','1','TECOPIA CA',1,'2018-06-12 10:25:01'),
	('TEKNOCO','3','SERVICIOS E INSUMOS TEKNOCOPY',1,'2018-06-12 10:25:01'),
	('TENCO  ','1','TENCO INC.',1,'2018-06-12 10:25:01'),
	('TESH   ','Standard:','TESH MARK LTDA',1,'2018-06-12 10:25:01'),
	('TEXTOS ','Standard:','TEXTOS Y UTILES',1,'2018-06-12 10:25:01'),
	('THECOPY','Standard:','THE COPY SHAK',1,'2018-06-12 10:25:01'),
	('TI & TO','3','TINTAS Y TONERS DEL CARIBE',1,'2018-06-12 10:25:01'),
	('TIRES  ','1','TIRES EXCHANGE',1,'2018-06-12 10:25:01'),
	('TMTECMA','Standard:','TM TECNOLOGIA & MATERIALES S.A',1,'2018-06-12 10:25:01'),
	('TODOTEK','Standard:','TODOTEK S.A.',1,'2018-06-12 10:25:01'),
	('TOMOEGA','Standard:','TOMOEGAWA (USA) INC',1,'2018-06-12 10:25:01'),
	('TONCAN ','Standard:','CORPORACION TONCAN DIGITAL C.A',1,'2018-06-12 10:25:01'),
	('TONER  ','Standard:','TONER Y SUMINISTROS',1,'2018-06-12 10:25:01'),
	('TONER &','Standard:','TONER & SUPPLIES INC',1,'2018-06-12 10:25:01'),
	('TONER T','Standard:','EUGENIO INIGUEZ',1,'2018-06-12 10:25:01'),
	('TONER Y','Standard:','TONER Y COPIAS CALI',1,'2018-06-12 10:25:01'),
	('TONER&I','Standard:','TONER & INK SOLUTIONS',1,'2018-06-12 10:25:01'),
	('TONERDE','Standard:','TONER DE HONDURAS',1,'2018-06-12 10:25:01'),
	('TOTAL  ','3','TOTAL TRADING LLC',1,'2018-06-12 10:25:01'),
	('TOTONER','Standard:','TODOTONER',1,'2018-06-12 10:25:01'),
	('TRADECO','Standard:','TRADECOM EXPORT & IMPORT CORP',1,'2018-06-12 10:25:01'),
	('TRADING','Standard:','TRADING TECNOLOLOGY S.A.',1,'2018-06-12 10:25:01'),
	('TT     ','4','TT SOLUTIONS S.A.S.',1,'2018-06-12 10:25:01'),
	('TTI    ','Standard:','EVERLIGHT GROUP',1,'2018-06-12 10:25:01'),
	('UNINET ','Standard:','UNINET PERU',1,'2018-06-12 10:25:01'),
	('UNIVERS','1','UNIVERSAL RIBBON CORPORATION',1,'2018-06-12 10:25:01'),
	('UNLIMIT','1','COPIERS UNLIMITED INC',1,'2018-06-12 10:25:01'),
	('USASMAR','1','USA SMART CHOICE CORP',1,'2018-06-12 10:25:01'),
	('V.A.M. ','Standard:','V.A.M.',1,'2018-06-12 10:25:01'),
	('VAM    ','3','COMERCIAL VAM OFFICES SUPPLIES',1,'2018-06-12 10:25:01'),
	('VARGAS ','Standard:','RFC-VABJ 590205-R76',1,'2018-06-12 10:25:01'),
	('VEGAS  ','1','LAS VEGAS COPIERS',1,'2018-06-12 10:25:01'),
	('VENCOL ','1','VENCOL XPRESS LOGISTICS LLC',1,'2018-06-12 10:25:01'),
	('VICENTE','1','VICENTE',1,'2018-06-12 10:25:01'),
	('VICTOR ','5','VICTOR SANCHEZ',1,'2018-06-12 10:25:01'),
	('VSM    ','Standard:','VSM CIA. LTDA',1,'2018-06-12 10:25:01'),
	('VSM COP','Standard:','VSM COPIADORAS',1,'2018-06-12 10:25:01'),
	('WCORP  ','3','WILMER RAMIREZ GARCIA',1,'2018-06-12 10:25:01'),
	('WILLIAM','1','WILLIAM PEREZ',1,'2018-06-12 10:25:01'),
	('WORLD S','1','WORLD SYSTEMS USA INC',1,'2018-06-12 10:25:01'),
	('WPI IMP','Standard:','W.P.I. IMPRESORAS',1,'2018-06-12 10:25:01'),
	('XENOTIC','Standard:','XENOTICS S.A.C.',1,'2018-06-12 10:25:01'),
	('YAYU   ','Standard:','YAYU KOPY',1,'2018-06-12 10:25:01');

/*!40000 ALTER TABLE `tbl_client` ENABLE KEYS */;
UNLOCK TABLES;


# Dump of table tbl_country
# ------------------------------------------------------------

DROP TABLE IF EXISTS `tbl_country`;

CREATE TABLE `tbl_country` (
  `id` int(11) unsigned NOT NULL AUTO_INCREMENT,
  `country_code` varchar(11) NOT NULL DEFAULT '',
  `name` varchar(50) NOT NULL DEFAULT '',
  `phone_code` varchar(50) DEFAULT '',
  PRIMARY KEY (`id`)
) ENGINE=InnoDB DEFAULT CHARSET=latin1;

LOCK TABLES `tbl_country` WRITE;
/*!40000 ALTER TABLE `tbl_country` DISABLE KEYS */;

INSERT INTO `tbl_country` (`id`, `country_code`, `name`, `phone_code`)
VALUES
	(1,'ARG','ARGENTINA','54'),
	(2,'ARU','ARUBA','297'),
	(3,'BAH','BAHAMAS','242'),
	(4,'BAR','BARBADOS','246'),
	(5,'BEL','BELIZE','501'),
	(6,'BOL','BOLIVIA','591'),
	(7,'BRA','BRAZIL','55'),
	(8,'CAN','CANADA','1'),
	(9,'CAY','CAYMAN ISLAND','345'),
	(10,'CH','CHINA','86'),
	(11,'CHI','CHILE','56'),
	(12,'COL','COLOMBIA','57'),
	(13,'COS','COSTA RICA','506'),
	(14,'CUR','CURAZAO','599'),
	(15,'DOM','REPUBLICA DOMINICANA','809'),
	(16,'ECU','ECUADOR','593'),
	(17,'ESP','ESPANA','34'),
	(18,'GRE','GRENADA','473'),
	(19,'GUA','GUATEMALA','502'),
	(20,'GUY','GUYANA','592'),
	(21,'HAI','HAITI','509'),
	(22,'HON','HONDURAS','504'),
	(23,'JAM','JAMAICA','876'),
	(24,'JAP','JAPAN','3'),
	(25,'KOR','KOREA','82'),
	(26,'MEX','MEXICO','55'),
	(27,'NA','CHINA','86'),
	(28,'NIC','NICARAGUA','505'),
	(29,'NO','NO COUNTRY','0'),
	(30,'PAN','PANAMA','507'),
	(31,'PAR','PARAGUAY','595'),
	(32,'PER','PERU','51'),
	(33,'PUE','PUERTO RICO','787'),
	(34,'SAL','EL SALVADOR','503'),
	(35,'SIN','SINGAPORE','65'),
	(36,'TRI','TRINIDAD & TOBAGO','868'),
	(37,'TW','TAIWAN','2'),
	(38,'URU','URUGUAY','598'),
	(39,'USA','UNITED STATES OF AMERICA','1'),
	(40,'VEN','VENEZUELA','58');

/*!40000 ALTER TABLE `tbl_country` ENABLE KEYS */;
UNLOCK TABLES;


# Dump of table tbl_cross_references
# ------------------------------------------------------------

DROP TABLE IF EXISTS `tbl_cross_references`;

CREATE TABLE `tbl_cross_references` (
  `id_product` varchar(765) NOT NULL,
  `id_product_related` varchar(765) NOT NULL,
  `created` timestamp NOT NULL DEFAULT CURRENT_TIMESTAMP ON UPDATE CURRENT_TIMESTAMP,
  PRIMARY KEY (`id_product`,`id_product_related`),
  KEY `pk_product_related` (`id_product_related`)
) ENGINE=InnoDB DEFAULT CHARSET=latin1;

LOCK TABLES `tbl_cross_references` WRITE;
/*!40000 ALTER TABLE `tbl_cross_references` DISABLE KEYS */;

INSERT INTO `tbl_cross_references` (`id_product`, `id_product_related`, `created`)
VALUES
	('0\n','0','2017-10-02 16:44:26'),
	('0\n','02010006','2017-10-02 16:44:26'),
	('0\n','02010007','2017-10-02 16:44:26'),
	('0\n','02010022','2017-10-02 16:44:26'),
	('0\n','02010024','2017-10-02 16:44:26'),
	('0\n','02010029','2017-10-02 16:44:26'),
	('0\n','02010158','2017-10-02 16:44:26'),
	('0\n','02010345','2017-10-02 16:44:26'),
	('0\n','02010351','2017-10-02 16:44:26'),
	('0\n','02010352','2017-10-02 16:44:26'),
	('0\n','02010353','2017-10-02 16:44:26'),
	('0\n','02010399','2017-10-02 16:44:26'),
	('0\n','02010402','2017-10-02 16:44:26'),
	('0\n','02010403','2017-10-02 16:44:26'),
	('0\n','02010404','2017-10-02 16:44:26'),
	('0\n','02010405','2017-10-02 16:44:26'),
	('0\n','02010406','2017-10-02 16:44:26'),
	('0\n','02010407','2017-10-02 16:44:26'),
	('0\n','02010408','2017-10-02 16:44:26'),
	('0\n','02010409','2017-10-02 16:44:26'),
	('0\n','02010479','2017-10-02 16:44:26'),
	('0\n','02010492','2017-10-02 16:44:26'),
	('0\n','02010509','2017-10-02 16:44:26'),
	('0\n','02010510','2017-10-02 16:44:26'),
	('0\n','02010720','2017-10-02 16:44:26'),
	('0\n','02010721','2017-10-02 16:44:26'),
	('0\n','02010722','2017-10-02 16:44:26'),
	('0\n','02010723','2017-10-02 16:44:26'),
	('0\n','02010786','2017-10-02 16:44:26'),
	('0\n','02010818','2017-10-02 16:44:26'),
	('0\n','02010891','2017-10-02 16:44:26'),
	('0\n','02010892','2017-10-02 16:44:26'),
	('0\n','02010893','2017-10-02 16:44:26'),
	('0\n','02010894','2017-10-02 16:44:26'),
	('0\n','02010895','2017-10-02 16:44:26'),
	('0\n','02010896','2017-10-02 16:44:26'),
	('0\n','02010897','2017-10-02 16:44:26'),
	('0\n','02010898','2017-10-02 16:44:26'),
	('0\n','02010899','2017-10-02 16:44:26'),
	('0\n','02010900','2017-10-02 16:44:26'),
	('0\n','02010901','2017-10-02 16:44:26'),
	('0\n','02010902','2017-10-02 16:44:26'),
	('0\n','02060268','2017-10-02 16:44:26'),
	('0\n','02060273','2017-10-02 16:44:26'),
	('0\n','02110221','2017-10-02 16:44:26'),
	('0\n','02110222','2017-10-02 16:44:26'),
	('0\n','02110226','2017-10-02 16:44:26'),
	('0\n','02120183','2017-10-02 16:44:26'),
	('0\n','02120189','2017-10-02 16:44:26'),
	('0\n','02120388','2017-10-02 16:44:26'),
	('0\n','02120617','2017-10-02 16:44:26'),
	('0\n','02120969','2017-10-02 16:44:26'),
	('0\n','03010042','2017-10-02 16:44:26'),
	('0\n','03010046','2017-10-02 16:44:26'),
	('0\n','03010052','2017-10-02 16:44:26'),
	('0\n','03010055','2017-10-02 16:44:26'),
	('0\n','03010056','2017-10-02 16:44:26'),
	('0\n','03010058','2017-10-02 16:44:26'),
	('0\n','03010079','2017-10-02 16:44:26'),
	('0\n','03010244','2017-10-02 16:44:26'),
	('0\n','03010245','2017-10-02 16:44:26'),
	('0\n','03010249','2017-10-02 16:44:26'),
	('0\n','03010428','2017-10-02 16:44:26'),
	('0\n','03010437','2017-10-02 16:44:26'),
	('0\n','03010451','2017-10-02 16:44:26'),
	('0\n','03010452','2017-10-02 16:44:26'),
	('0\n','03010453','2017-10-02 16:44:26'),
	('0\n','03010454','2017-10-02 16:44:26'),
	('0\n','03010458','2017-10-02 16:44:26'),
	('0\n','03010528','2017-10-02 16:44:26'),
	('0\n','03010529','2017-10-02 16:44:26'),
	('0\n','03010530','2017-10-02 16:44:26'),
	('0\n','03010531','2017-10-02 16:44:26'),
	('0\n','03010532','2017-10-02 16:44:26'),
	('0\n','03010533','2017-10-02 16:44:26'),
	('0\n','03010534','2017-10-02 16:44:26'),
	('0\n','03010535','2017-10-02 16:44:26'),
	('0\n','03010536','2017-10-02 16:44:26'),
	('0\n','03010537','2017-10-02 16:44:26'),
	('0\n','03010538','2017-10-02 16:44:26'),
	('0\n','03010539','2017-10-02 16:44:26'),
	('0\n','03010540','2017-10-02 16:44:26'),
	('0\n','03010541','2017-10-02 16:44:26'),
	('0\n','03010542','2017-10-02 16:44:26'),
	('0\n','03010543','2017-10-02 16:44:26'),
	('0\n','03010552','2017-10-02 16:44:26'),
	('0\n','03010553','2017-10-02 16:44:26'),
	('0\n','03010554','2017-10-02 16:44:26'),
	('0\n','03010555','2017-10-02 16:44:26'),
	('0\n','03010556','2017-10-02 16:44:26'),
	('0\n','03010560','2017-10-02 16:44:26'),
	('0\n','03010561','2017-10-02 16:44:26'),
	('0\n','03010564','2017-10-02 16:44:26'),
	('0\n','03010631','2017-10-02 16:44:26'),
	('0\n','03010632','2017-10-02 16:44:26'),
	('0\n','03010638','2017-10-02 16:44:26'),
	('0\n','03010736','2017-10-02 16:44:26'),
	('0\n','03010737','2017-10-02 16:44:26'),
	('0\n','03010738','2017-10-02 16:44:26'),
	('0\n','03010739','2017-10-02 16:44:26'),
	('0\n','03010781','2017-10-02 16:44:26'),
	('0\n','03010785','2017-10-02 16:44:26'),
	('0\n','03010787','2017-10-02 16:44:26'),
	('0\n','03010788','2017-10-02 16:44:26'),
	('0\n','03010789','2017-10-02 16:44:26'),
	('0\n','03010790','2017-10-02 16:44:26'),
	('0\n','03010791','2017-10-02 16:44:26'),
	('0\n','03010792','2017-10-02 16:44:26'),
	('0\n','03010793','2017-10-02 16:44:26'),
	('0\n','03010794','2017-10-02 16:44:26'),
	('0\n','03010904','2017-10-02 16:44:26'),
	('0\n','03010983','2017-10-02 16:44:26'),
	('0\n','03010984','2017-10-02 16:44:26'),
	('0\n','03010985','2017-10-02 16:44:26'),
	('0\n','03010986','2017-10-02 16:44:26'),
	('0\n','03010987','2017-10-02 16:44:26'),
	('0\n','03010988','2017-10-02 16:44:26'),
	('0\n','03010989','2017-10-02 16:44:26'),
	('0\n','03010990','2017-10-02 16:44:26'),
	('0\n','03060300','2017-10-02 16:44:26'),
	('0\n','03060304','2017-10-02 16:44:26'),
	('0\n','03070290','2017-10-02 16:44:26'),
	('0\n','04010038','2017-10-02 16:44:26'),
	('0\n','04010082','2017-10-02 16:44:26'),
	('0\n','04010083','2017-10-02 16:44:26'),
	('0\n','04010113','2017-10-02 16:44:26'),
	('0\n','04010121','2017-10-02 16:44:26'),
	('0\n','04010122','2017-10-02 16:44:26'),
	('0\n','04010123','2017-10-02 16:44:26'),
	('0\n','04010124','2017-10-02 16:44:26'),
	('0\n','04010139','2017-10-02 16:44:26'),
	('0\n','04010243','2017-10-02 16:44:26'),
	('0\n','04010355','2017-10-02 16:44:26'),
	('0\n','04010390','2017-10-02 16:44:26'),
	('0\n','04010455','2017-10-02 16:44:26'),
	('0\n','04010456','2017-10-02 16:44:26'),
	('0\n','04010518','2017-10-02 16:44:26'),
	('0\n','04010519','2017-10-02 16:44:26'),
	('0\n','04010520','2017-10-02 16:44:26'),
	('0\n','04010521','2017-10-02 16:44:26'),
	('0\n','04010522','2017-10-02 16:44:26'),
	('0\n','04010523','2017-10-02 16:44:26'),
	('0\n','04010524','2017-10-02 16:44:26'),
	('0\n','04010525','2017-10-02 16:44:26'),
	('0\n','04010591','2017-10-02 16:44:26'),
	('0\n','04010595','2017-10-02 16:44:26'),
	('0\n','04010603','2017-10-02 16:44:26'),
	('0\n','04010604','2017-10-02 16:44:26'),
	('0\n','04010605','2017-10-02 16:44:26'),
	('0\n','04010606','2017-10-02 16:44:26'),
	('0\n','04010607','2017-10-02 16:44:26'),
	('0\n','04010622','2017-10-02 16:44:26'),
	('0\n','04010692','2017-10-02 16:44:26'),
	('0\n','04010705','2017-10-02 16:44:26'),
	('0\n','04010728','2017-10-02 16:44:26'),
	('0\n','04010729','2017-10-02 16:44:26'),
	('0\n','04010730','2017-10-02 16:44:26'),
	('0\n','04010731','2017-10-02 16:44:26'),
	('0\n','04010732','2017-10-02 16:44:26'),
	('0\n','04010740','2017-10-02 16:44:26'),
	('0\n','04010741','2017-10-02 16:44:26'),
	('0\n','04010742','2017-10-02 16:44:26'),
	('0\n','04010743','2017-10-02 16:44:26'),
	('0\n','04010744','2017-10-02 16:44:26'),
	('0\n','04010745','2017-10-02 16:44:26'),
	('0\n','04010746','2017-10-02 16:44:26'),
	('0\n','04010747','2017-10-02 16:44:26'),
	('0\n','04010748','2017-10-02 16:44:26'),
	('0\n','04010749','2017-10-02 16:44:26'),
	('0\n','04010750','2017-10-02 16:44:26'),
	('0\n','04010751','2017-10-02 16:44:26'),
	('0\n','04010752','2017-10-02 16:44:26'),
	('0\n','04010753','2017-10-02 16:44:26'),
	('0\n','04010754','2017-10-02 16:44:26'),
	('0\n','04010755','2017-10-02 16:44:26'),
	('0\n','04010756','2017-10-02 16:44:26'),
	('0\n','04010757','2017-10-02 16:44:26'),
	('0\n','04010758','2017-10-02 16:44:26'),
	('0\n','04010759','2017-10-02 16:44:26'),
	('0\n','04010810','2017-10-02 16:44:26'),
	('0\n','04010811','2017-10-02 16:44:26'),
	('0\n','04010812','2017-10-02 16:44:26'),
	('0\n','04010813','2017-10-02 16:44:26'),
	('0\n','04010814','2017-10-02 16:44:26'),
	('0\n','04010815','2017-10-02 16:44:26'),
	('0\n','04010816','2017-10-02 16:44:26'),
	('0\n','04010817','2017-10-02 16:44:26'),
	('0\n','04010844','2017-10-02 16:44:26'),
	('0\n','04010867','2017-10-02 16:44:26'),
	('0\n','04010868','2017-10-02 16:44:26'),
	('0\n','04010869','2017-10-02 16:44:26'),
	('0\n','04010870','2017-10-02 16:44:26'),
	('0\n','04010918','2017-10-02 16:44:26'),
	('0\n','04010919','2017-10-02 16:44:26'),
	('0\n','04010920','2017-10-02 16:44:26'),
	('0\n','04010921','2017-10-02 16:44:26'),
	('0\n','04010922','2017-10-02 16:44:26'),
	('0\n','04010923','2017-10-02 16:44:26'),
	('0\n','04010924','2017-10-02 16:44:26'),
	('0\n','04010957','2017-10-02 16:44:26'),
	('0\n','04010958','2017-10-02 16:44:26'),
	('0\n','04010959','2017-10-02 16:44:26'),
	('0\n','04010960','2017-10-02 16:44:26'),
	('0\n','04010972','2017-10-02 16:44:26'),
	('0\n','04010973','2017-10-02 16:44:26'),
	('0\n','04010975','2017-10-02 16:44:26'),
	('0\n','04010976','2017-10-02 16:44:26'),
	('0\n','04010977','2017-10-02 16:44:26'),
	('0\n','04010978','2017-10-02 16:44:26'),
	('0\n','04010979','2017-10-02 16:44:26'),
	('0\n','04010980','2017-10-02 16:44:26'),
	('0\n','04010981','2017-10-02 16:44:26'),
	('0\n','04010982','2017-10-02 16:44:26'),
	('0\n','04040639','2017-10-02 16:44:26'),
	('0\n','04040640','2017-10-02 16:44:26'),
	('0\n','04040641','2017-10-02 16:44:26'),
	('0\n','04040642','2017-10-02 16:44:26'),
	('0\n','04040643','2017-10-02 16:44:26'),
	('0\n','04040905','2017-10-02 16:44:26'),
	('0\n','04060325','2017-10-02 16:44:26'),
	('0\n','04060327','2017-10-02 16:44:26'),
	('0\n','04060329','2017-10-02 16:44:26'),
	('0\n','04060333','2017-10-02 16:44:26'),
	('0\n','04070314','2017-10-02 16:44:26'),
	('0\n','04070316','2017-10-02 16:44:26'),
	('0\n','04110215','2017-10-02 16:44:26'),
	('0\n','04110970','2017-10-02 16:44:26'),
	('0\n','04120587','2017-10-02 16:44:26'),
	('0\n','04120968','2017-10-02 16:44:26'),
	('0\n','04130821','2017-10-02 16:44:26'),
	('0\n','04130822','2017-10-02 16:44:26'),
	('0\n','05010422','2017-10-02 16:44:26'),
	('0\n','05010425','2017-10-02 16:44:26'),
	('0\n','05010426','2017-10-02 16:44:26'),
	('0\n','05010505','2017-10-02 16:44:26'),
	('0\n','05010562','2017-10-02 16:44:26'),
	('0\n','05010563','2017-10-02 16:44:26'),
	('0\n','05010599','2017-10-02 16:44:26'),
	('0\n','05010621','2017-10-02 16:44:26'),
	('0\n','05010809','2017-10-02 16:44:26'),
	('0\n','05110620','2017-10-02 16:44:26'),
	('0\n','05120696','2017-10-02 16:44:26'),
	('0\n','07010148','2017-10-02 16:44:26'),
	('0\n','07010354','2017-10-02 16:44:26'),
	('0\n','07010600','2017-10-02 16:44:26'),
	('0\n','07110377','2017-10-02 16:44:26'),
	('0\n','07110572','2017-10-02 16:44:26'),
	('0\n','07120381','2017-10-02 16:44:26'),
	('0\n','07120486','2017-10-02 16:44:26'),
	('0\n','07120565','2017-10-02 16:44:26'),
	('0\n','08010412','2017-10-02 16:44:26'),
	('0\n','08010413','2017-10-02 16:44:26'),
	('0\n','08010414','2017-10-02 16:44:26'),
	('0\n','08010416','2017-10-02 16:44:26'),
	('0\n','08010417','2017-10-02 16:44:26'),
	('0\n','08010418','2017-10-02 16:44:26'),
	('0\n','08010419','2017-10-02 16:44:26'),
	('0\n','08010420','2017-10-02 16:44:26'),
	('0\n','08010799','2017-10-02 16:44:26'),
	('0\n','08010800','2017-10-02 16:44:26'),
	('0\n','08010801','2017-10-02 16:44:26'),
	('0\n','08010802','2017-10-02 16:44:26'),
	('0\n','08010803','2017-10-02 16:44:26'),
	('0\n','08010804','2017-10-02 16:44:26'),
	('0\n','08010805','2017-10-02 16:44:26'),
	('0\n','08010806','2017-10-02 16:44:26'),
	('0\n','08010807','2017-10-02 16:44:26'),
	('0\n','08010808','2017-10-02 16:44:26'),
	('0\n','08010880','2017-10-02 16:44:26'),
	('0\n','08010936','2017-10-02 16:44:26'),
	('0\n','08010996','2017-10-02 16:44:26'),
	('0\n','08110442','2017-10-02 16:44:26'),
	('0\n','08120431','2017-10-02 16:44:26'),
	('02010006','02060271','2017-10-02 16:44:26'),
	('02010006','02070258','2017-10-02 16:44:26'),
	('02010006','02090359','2017-10-02 16:44:26'),
	('02010006','02110213','2017-10-02 16:44:26'),
	('02010007','02050635','2017-10-02 16:44:26'),
	('02010007','02060271','2017-10-02 16:44:26'),
	('02010007','02060275','2017-10-02 16:44:26'),
	('02010007','02070258','2017-10-02 16:44:26'),
	('02010007','02090359','2017-10-02 16:44:26'),
	('02010007','02100474','2017-10-02 16:44:26'),
	('02010007','02110213','2017-10-02 16:44:26'),
	('02010022','02060274','2017-10-02 16:44:26'),
	('02010022','02070259','2017-10-02 16:44:26'),
	('02010022','02090359','2017-10-02 16:44:26'),
	('02010022','02110213','2017-10-02 16:44:26'),
	('02010024','02050635','2017-10-02 16:44:26'),
	('02010024','02060275','2017-10-02 16:44:26'),
	('02010024','02100474','2017-10-02 16:44:26'),
	('02010024','02110224','2017-10-02 16:44:26'),
	('02010024','02120388','2017-10-02 16:44:26'),
	('02010345','02060282','2017-10-02 16:44:26'),
	('02010345','02100474','2017-10-02 16:44:26'),
	('02010345','02110223','2017-10-02 16:44:26'),
	('02010345','02110347','2017-10-02 16:44:26'),
	('02010345','02120340','2017-10-02 16:44:26'),
	('02010345','02120650','2017-10-02 16:44:26'),
	('02010351','02060272','2017-10-02 16:44:26'),
	('02010351','02060276','2017-10-02 16:44:26'),
	('02010351','02070258','2017-10-02 16:44:26'),
	('02010351','02070261','2017-10-02 16:44:26'),
	('02010351','02090359','2017-10-02 16:44:26'),
	('02010351','02110213','2017-10-02 16:44:26'),
	('02010352','02060272','2017-10-02 16:44:26'),
	('02010352','02060276','2017-10-02 16:44:26'),
	('02010352','02070258','2017-10-02 16:44:26'),
	('02010352','02070261','2017-10-02 16:44:26'),
	('02010352','02090359','2017-10-02 16:44:26'),
	('02010352','02110213','2017-10-02 16:44:26'),
	('02010353','02050635','2017-10-02 16:44:26'),
	('02010353','02060280','2017-10-02 16:44:26'),
	('02010353','02060410','2017-10-02 16:44:26'),
	('02010353','02100474','2017-10-02 16:44:26'),
	('02010353','02110224','2017-10-02 16:44:26'),
	('02010353','02120446','2017-10-02 16:44:26'),
	('02010353','02120670','2017-10-02 16:44:26'),
	('02010399','02060930','2017-10-02 16:44:26'),
	('02010399','02070264','2017-10-02 16:44:26'),
	('02010399','02090359','2017-10-02 16:44:26'),
	('02010399','02110213','2017-10-02 16:44:26'),
	('02010406','02060278','2017-10-02 16:44:26'),
	('02010407','02060278','2017-10-02 16:44:26'),
	('02010408','02060278','2017-10-02 16:44:26'),
	('02010409','02060278','2017-10-02 16:44:26'),
	('02010479','02050634','2017-10-02 16:44:26'),
	('02010479','02060373','2017-10-02 16:44:26'),
	('02010479','02100480','2017-10-02 16:44:26'),
	('02010479','02110372','2017-10-02 16:44:26'),
	('02010479','02120387','2017-10-02 16:44:26'),
	('02010492','02060276','2017-10-02 16:44:26'),
	('02010492','02070261','2017-10-02 16:44:26'),
	('02010492','02090359','2017-10-02 16:44:26'),
	('02010510','02050872','2017-10-02 16:44:26'),
	('02010510','02060280','2017-10-02 16:44:26'),
	('02010510','02060848','2017-10-02 16:44:26'),
	('02010510','02100827','2017-10-02 16:44:26'),
	('02010510','02100828','2017-10-02 16:44:26'),
	('02010510','02110633','2017-10-02 16:44:26'),
	('02010510','02120616','2017-10-02 16:44:26'),
	('02010510','02120826','2017-10-02 16:44:26'),
	('02010721','02050871','2017-10-02 16:44:26'),
	('02010721','02060838','2017-10-02 16:44:26'),
	('02010721','02090929','2017-10-02 16:44:26'),
	('02010721','02100829','2017-10-02 16:44:26'),
	('02010721','02110708','2017-10-02 16:44:26'),
	('02010721','02120707','2017-10-02 16:44:26'),
	('02010721','02120840','2017-10-02 16:44:26'),
	('02010722','02050872','2017-10-02 16:44:26'),
	('02010722','02060848','2017-10-02 16:44:26'),
	('02010722','02100828','2017-10-02 16:44:26'),
	('02010722','02110633','2017-10-02 16:44:26'),
	('02010722','02120826','2017-10-02 16:44:26'),
	('02010723','02050872','2017-10-02 16:44:26'),
	('02010723','02060848','2017-10-02 16:44:26'),
	('02010723','02100828','2017-10-02 16:44:26'),
	('02010723','02110633','2017-10-02 16:44:26'),
	('02010723','02120826','2017-10-02 16:44:26'),
	('02010786','02070264','2017-10-02 16:44:26'),
	('02010786','02070849','2017-10-02 16:44:26'),
	('02010786','02090359','2017-10-02 16:44:26'),
	('02010786','02110213','2017-10-02 16:44:26'),
	('02010818','02090359','2017-10-02 16:44:26'),
	('02010891','02060941','2017-10-02 16:44:26'),
	('02010891','02100847','2017-10-02 16:44:26'),
	('02010892','02060941','2017-10-02 16:44:26'),
	('02010892','02100847','2017-10-02 16:44:26'),
	('02010893','02060941','2017-10-02 16:44:26'),
	('02010893','02100847','2017-10-02 16:44:26'),
	('02010894','02060941','2017-10-02 16:44:26'),
	('02010894','02100847','2017-10-02 16:44:26'),
	('02010895','02060941','2017-10-02 16:44:26'),
	('02010895','02100847','2017-10-02 16:44:26'),
	('02010896','02060941','2017-10-02 16:44:26'),
	('02010896','02100847','2017-10-02 16:44:26'),
	('02010897','02060941','2017-10-02 16:44:26'),
	('02010897','02100847','2017-10-02 16:44:26'),
	('02010898','02060930','2017-10-02 16:44:26'),
	('02010898','02060941','2017-10-02 16:44:26'),
	('02010898','02100847','2017-10-02 16:44:26'),
	('03010042','03060303','2017-10-02 16:44:26'),
	('03010042','03060306','2017-10-02 16:44:26'),
	('03010042','03070286','2017-10-02 16:44:26'),
	('03010042','03070289','2017-10-02 16:44:26'),
	('03010042','03070293','2017-10-02 16:44:26'),
	('03010042','03110232','2017-10-02 16:44:26'),
	('03010042','03120197','2017-10-02 16:44:26'),
	('03010046','03060302','2017-10-02 16:44:26'),
	('03010046','03090339','2017-10-02 16:44:26'),
	('03010046','03110230','2017-10-02 16:44:26'),
	('03010046','03120198','2017-10-02 16:44:26'),
	('03010052','03060301','2017-10-02 16:44:26'),
	('03010052','03070287','2017-10-02 16:44:26'),
	('03010052','03090393','2017-10-02 16:44:26'),
	('03010052','03110233','2017-10-02 16:44:26'),
	('03010055','03060306','2017-10-02 16:44:26'),
	('03010055','03060309','2017-10-02 16:44:26'),
	('03010055','03060310','2017-10-02 16:44:26'),
	('03010055','03070292','2017-10-02 16:44:26'),
	('03010055','03070293','2017-10-02 16:44:26'),
	('03010055','03070297','2017-10-02 16:44:26'),
	('03010055','03110217','2017-10-02 16:44:26'),
	('03010055','03120192','2017-10-02 16:44:26'),
	('03010055','03120193','2017-10-02 16:44:26'),
	('03010055','03120608','2017-10-02 16:44:26'),
	('03010056','03060301','2017-10-02 16:44:26'),
	('03010056','03070287','2017-10-02 16:44:26'),
	('03010058','03060308','2017-10-02 16:44:26'),
	('03010058','03070294','2017-10-02 16:44:26'),
	('03010058','03090393','2017-10-02 16:44:26'),
	('03010058','03110230','2017-10-02 16:44:26'),
	('03010058','03120644','2017-10-02 16:44:26'),
	('03010079','03110218','2017-10-02 16:44:26'),
	('03010244','03060311','2017-10-02 16:44:26'),
	('03010244','03070298','2017-10-02 16:44:26'),
	('03010244','03090657','2017-10-02 16:44:26'),
	('03010244','03110350','2017-10-02 16:44:26'),
	('03010244','03120344','2017-10-02 16:44:26'),
	('03010245','03060307','2017-10-02 16:44:26'),
	('03010245','03090392','2017-10-02 16:44:26'),
	('03010245','03110349','2017-10-02 16:44:26'),
	('03010245','03120343','2017-10-02 16:44:26'),
	('03010249','03060312','2017-10-02 16:44:26'),
	('03010249','03070299','2017-10-02 16:44:26'),
	('03010249','03110217','2017-10-02 16:44:26'),
	('03010249','03120342','2017-10-02 16:44:26'),
	('03010428','03060475','2017-10-02 16:44:26'),
	('03010428','03070590','2017-10-02 16:44:26'),
	('03010428','03090953','2017-10-02 16:44:26'),
	('03010428','03110441','2017-10-02 16:44:26'),
	('03010428','03120432','2017-10-02 16:44:26'),
	('03010451','03060711','2017-10-02 16:44:26'),
	('03010451','03070843','2017-10-02 16:44:26'),
	('03010451','03080950','2017-10-02 16:44:26'),
	('03010451','03080955','2017-10-02 16:44:26'),
	('03010451','03110439','2017-10-02 16:44:26'),
	('03010451','03120435','2017-10-02 16:44:26'),
	('03010451','03120651','2017-10-02 16:44:26'),
	('03010451','03130461','2017-10-02 16:44:26'),
	('03010451','03130462','2017-10-02 16:44:26'),
	('03010451','03130463','2017-10-02 16:44:26'),
	('03010451','03130464','2017-10-02 16:44:26'),
	('03010451','03130465','2017-10-02 16:44:26'),
	('03010451','03130466','2017-10-02 16:44:26'),
	('03010451','03130467','2017-10-02 16:44:26'),
	('03010451','03130468','2017-10-02 16:44:26'),
	('03010452','03060711','2017-10-02 16:44:26'),
	('03010452','03070843','2017-10-02 16:44:26'),
	('03010452','03080950','2017-10-02 16:44:26'),
	('03010452','03080955','2017-10-02 16:44:26'),
	('03010452','03110439','2017-10-02 16:44:26'),
	('03010452','03120435','2017-10-02 16:44:26'),
	('03010452','03120651','2017-10-02 16:44:26'),
	('03010452','03130461','2017-10-02 16:44:26'),
	('03010452','03130462','2017-10-02 16:44:26'),
	('03010452','03130463','2017-10-02 16:44:26'),
	('03010452','03130464','2017-10-02 16:44:26'),
	('03010452','03130465','2017-10-02 16:44:26'),
	('03010452','03130466','2017-10-02 16:44:26'),
	('03010452','03130467','2017-10-02 16:44:26'),
	('03010452','03130468','2017-10-02 16:44:26'),
	('03010453','03060711','2017-10-02 16:44:26'),
	('03010453','03070843','2017-10-02 16:44:26'),
	('03010453','03080950','2017-10-02 16:44:26'),
	('03010453','03080955','2017-10-02 16:44:26'),
	('03010453','03110439','2017-10-02 16:44:26'),
	('03010453','03120435','2017-10-02 16:44:26'),
	('03010453','03120651','2017-10-02 16:44:26'),
	('03010453','03130461','2017-10-02 16:44:26'),
	('03010453','03130462','2017-10-02 16:44:26'),
	('03010453','03130463','2017-10-02 16:44:26'),
	('03010453','03130464','2017-10-02 16:44:26'),
	('03010453','03130465','2017-10-02 16:44:26'),
	('03010453','03130466','2017-10-02 16:44:26'),
	('03010453','03130467','2017-10-02 16:44:26'),
	('03010453','03130468','2017-10-02 16:44:26'),
	('03010454','03060711','2017-10-02 16:44:26'),
	('03010454','03070843','2017-10-02 16:44:26'),
	('03010454','03080950','2017-10-02 16:44:26'),
	('03010454','03080955','2017-10-02 16:44:26'),
	('03010454','03110439','2017-10-02 16:44:26'),
	('03010454','03120435','2017-10-02 16:44:26'),
	('03010454','03120651','2017-10-02 16:44:26'),
	('03010454','03130461','2017-10-02 16:44:26'),
	('03010454','03130462','2017-10-02 16:44:26'),
	('03010454','03130463','2017-10-02 16:44:26'),
	('03010454','03130464','2017-10-02 16:44:26'),
	('03010454','03130465','2017-10-02 16:44:26'),
	('03010454','03130466','2017-10-02 16:44:26'),
	('03010454','03130467','2017-10-02 16:44:26'),
	('03010454','03130468','2017-10-02 16:44:26'),
	('03010458','03110574','2017-10-02 16:44:26'),
	('03010458','03120459','2017-10-02 16:44:26'),
	('03010528','03060711','2017-10-02 16:44:26'),
	('03010528','03070843','2017-10-02 16:44:26'),
	('03010528','03080950','2017-10-02 16:44:26'),
	('03010528','03080955','2017-10-02 16:44:26'),
	('03010528','03110439','2017-10-02 16:44:26'),
	('03010528','03120435','2017-10-02 16:44:26'),
	('03010528','03120651','2017-10-02 16:44:26'),
	('03010528','03130461','2017-10-02 16:44:26'),
	('03010528','03130462','2017-10-02 16:44:26'),
	('03010528','03130463','2017-10-02 16:44:26'),
	('03010528','03130464','2017-10-02 16:44:26'),
	('03010528','03130465','2017-10-02 16:44:26'),
	('03010528','03130466','2017-10-02 16:44:26'),
	('03010528','03130467','2017-10-02 16:44:26'),
	('03010528','03130468','2017-10-02 16:44:26'),
	('03010529','03060711','2017-10-02 16:44:26'),
	('03010529','03070843','2017-10-02 16:44:26'),
	('03010529','03080950','2017-10-02 16:44:26'),
	('03010529','03080955','2017-10-02 16:44:26'),
	('03010529','03110439','2017-10-02 16:44:26'),
	('03010529','03120435','2017-10-02 16:44:26'),
	('03010529','03120651','2017-10-02 16:44:26'),
	('03010529','03130461','2017-10-02 16:44:26'),
	('03010529','03130462','2017-10-02 16:44:26'),
	('03010529','03130463','2017-10-02 16:44:26'),
	('03010529','03130464','2017-10-02 16:44:26'),
	('03010529','03130465','2017-10-02 16:44:26'),
	('03010529','03130466','2017-10-02 16:44:26'),
	('03010529','03130467','2017-10-02 16:44:26'),
	('03010529','03130468','2017-10-02 16:44:26'),
	('03010530','03060711','2017-10-02 16:44:26'),
	('03010530','03070843','2017-10-02 16:44:26'),
	('03010530','03080950','2017-10-02 16:44:26'),
	('03010530','03080955','2017-10-02 16:44:26'),
	('03010530','03110439','2017-10-02 16:44:26'),
	('03010530','03120435','2017-10-02 16:44:26'),
	('03010530','03120651','2017-10-02 16:44:26'),
	('03010530','03130461','2017-10-02 16:44:26'),
	('03010530','03130462','2017-10-02 16:44:26'),
	('03010530','03130463','2017-10-02 16:44:26'),
	('03010530','03130464','2017-10-02 16:44:26'),
	('03010530','03130465','2017-10-02 16:44:26'),
	('03010530','03130466','2017-10-02 16:44:26'),
	('03010530','03130467','2017-10-02 16:44:26'),
	('03010530','03130468','2017-10-02 16:44:26'),
	('03010531','03060711','2017-10-02 16:44:26'),
	('03010531','03070843','2017-10-02 16:44:26'),
	('03010531','03080950','2017-10-02 16:44:26'),
	('03010531','03080955','2017-10-02 16:44:26'),
	('03010531','03110439','2017-10-02 16:44:26'),
	('03010531','03120435','2017-10-02 16:44:26'),
	('03010531','03120651','2017-10-02 16:44:26'),
	('03010531','03130461','2017-10-02 16:44:26'),
	('03010531','03130462','2017-10-02 16:44:26'),
	('03010531','03130463','2017-10-02 16:44:26'),
	('03010531','03130464','2017-10-02 16:44:26'),
	('03010531','03130465','2017-10-02 16:44:26'),
	('03010531','03130466','2017-10-02 16:44:26'),
	('03010531','03130467','2017-10-02 16:44:26'),
	('03010531','03130468','2017-10-02 16:44:26'),
	('03010532','03060713','2017-10-02 16:44:26'),
	('03010532','03110440','2017-10-02 16:44:26'),
	('03010532','03120436','2017-10-02 16:44:26'),
	('03010532','03120652','2017-10-02 16:44:26'),
	('03010532','03130469','2017-10-02 16:44:26'),
	('03010532','03130470','2017-10-02 16:44:26'),
	('03010532','03130471','2017-10-02 16:44:26'),
	('03010532','03130472','2017-10-02 16:44:26'),
	('03010532','03130473','2017-10-02 16:44:26'),
	('03010533','03060713','2017-10-02 16:44:26'),
	('03010533','03110440','2017-10-02 16:44:26'),
	('03010533','03120436','2017-10-02 16:44:26'),
	('03010533','03120652','2017-10-02 16:44:26'),
	('03010533','03130469','2017-10-02 16:44:26'),
	('03010533','03130470','2017-10-02 16:44:26'),
	('03010533','03130471','2017-10-02 16:44:26'),
	('03010533','03130472','2017-10-02 16:44:26'),
	('03010533','03130473','2017-10-02 16:44:26'),
	('03010534','03060713','2017-10-02 16:44:26'),
	('03010534','03110440','2017-10-02 16:44:26'),
	('03010534','03120436','2017-10-02 16:44:26'),
	('03010534','03120652','2017-10-02 16:44:26'),
	('03010534','03130469','2017-10-02 16:44:26'),
	('03010534','03130470','2017-10-02 16:44:26'),
	('03010534','03130471','2017-10-02 16:44:26'),
	('03010534','03130472','2017-10-02 16:44:26'),
	('03010534','03130473','2017-10-02 16:44:26'),
	('03010535','03060713','2017-10-02 16:44:26'),
	('03010535','03110440','2017-10-02 16:44:26'),
	('03010535','03120436','2017-10-02 16:44:26'),
	('03010535','03120652','2017-10-02 16:44:26'),
	('03010535','03130469','2017-10-02 16:44:26'),
	('03010535','03130470','2017-10-02 16:44:26'),
	('03010535','03130471','2017-10-02 16:44:26'),
	('03010535','03130472','2017-10-02 16:44:26'),
	('03010535','03130473','2017-10-02 16:44:26'),
	('03010536','03060709','2017-10-02 16:44:26'),
	('03010536','03070710','2017-10-02 16:44:26'),
	('03010536','03130482','2017-10-02 16:44:26'),
	('03010536','03130483','2017-10-02 16:44:26'),
	('03010536','03130484','2017-10-02 16:44:26'),
	('03010536','03130485','2017-10-02 16:44:26'),
	('03010536','03130567','2017-10-02 16:44:26'),
	('03010536','03130568','2017-10-02 16:44:26'),
	('03010536','03130569','2017-10-02 16:44:26'),
	('03010536','03130570','2017-10-02 16:44:26'),
	('03010537','03060709','2017-10-02 16:44:26'),
	('03010537','03070710','2017-10-02 16:44:26'),
	('03010537','03130482','2017-10-02 16:44:26'),
	('03010537','03130483','2017-10-02 16:44:26'),
	('03010537','03130484','2017-10-02 16:44:26'),
	('03010537','03130485','2017-10-02 16:44:26'),
	('03010537','03130567','2017-10-02 16:44:26'),
	('03010537','03130568','2017-10-02 16:44:26'),
	('03010537','03130569','2017-10-02 16:44:26'),
	('03010537','03130570','2017-10-02 16:44:26'),
	('03010538','03060709','2017-10-02 16:44:26'),
	('03010538','03070710','2017-10-02 16:44:26'),
	('03010538','03130482','2017-10-02 16:44:26'),
	('03010538','03130483','2017-10-02 16:44:26'),
	('03010538','03130484','2017-10-02 16:44:26'),
	('03010538','03130485','2017-10-02 16:44:26'),
	('03010538','03130567','2017-10-02 16:44:26'),
	('03010538','03130568','2017-10-02 16:44:26'),
	('03010538','03130569','2017-10-02 16:44:26'),
	('03010538','03130570','2017-10-02 16:44:26'),
	('03010539','03060709','2017-10-02 16:44:26'),
	('03010539','03070710','2017-10-02 16:44:26'),
	('03010539','03130482','2017-10-02 16:44:26'),
	('03010539','03130483','2017-10-02 16:44:26'),
	('03010539','03130484','2017-10-02 16:44:26'),
	('03010539','03130485','2017-10-02 16:44:26'),
	('03010539','03130567','2017-10-02 16:44:26'),
	('03010539','03130568','2017-10-02 16:44:26'),
	('03010539','03130569','2017-10-02 16:44:26'),
	('03010539','03130570','2017-10-02 16:44:26'),
	('03010540','03060709','2017-10-02 16:44:26'),
	('03010540','03070780','2017-10-02 16:44:26'),
	('03010540','03110571','2017-10-02 16:44:26'),
	('03010540','03120566','2017-10-02 16:44:26'),
	('03010540','03120653','2017-10-02 16:44:26'),
	('03010540','03130501','2017-10-02 16:44:26'),
	('03010540','03130502','2017-10-02 16:44:26'),
	('03010540','03130503','2017-10-02 16:44:26'),
	('03010540','03130504','2017-10-02 16:44:26'),
	('03010540','03130887','2017-10-02 16:44:26'),
	('03010540','03130888','2017-10-02 16:44:26'),
	('03010540','03130889','2017-10-02 16:44:26'),
	('03010540','03130890','2017-10-02 16:44:26'),
	('03010541','03060709','2017-10-02 16:44:26'),
	('03010541','03070780','2017-10-02 16:44:26'),
	('03010541','03110571','2017-10-02 16:44:26'),
	('03010541','03120566','2017-10-02 16:44:26'),
	('03010541','03120653','2017-10-02 16:44:26'),
	('03010541','03130501','2017-10-02 16:44:26'),
	('03010541','03130502','2017-10-02 16:44:26'),
	('03010541','03130503','2017-10-02 16:44:26'),
	('03010541','03130504','2017-10-02 16:44:26'),
	('03010541','03130887','2017-10-02 16:44:26'),
	('03010541','03130888','2017-10-02 16:44:26'),
	('03010541','03130889','2017-10-02 16:44:26'),
	('03010541','03130890','2017-10-02 16:44:26'),
	('03010542','03060709','2017-10-02 16:44:26'),
	('03010542','03070780','2017-10-02 16:44:26'),
	('03010542','03110571','2017-10-02 16:44:26'),
	('03010542','03120566','2017-10-02 16:44:26'),
	('03010542','03120653','2017-10-02 16:44:26'),
	('03010542','03130501','2017-10-02 16:44:26'),
	('03010542','03130502','2017-10-02 16:44:26'),
	('03010542','03130503','2017-10-02 16:44:26'),
	('03010542','03130504','2017-10-02 16:44:26'),
	('03010542','03130887','2017-10-02 16:44:26'),
	('03010542','03130888','2017-10-02 16:44:26'),
	('03010542','03130889','2017-10-02 16:44:26'),
	('03010542','03130890','2017-10-02 16:44:26'),
	('03010543','03060709','2017-10-02 16:44:26'),
	('03010543','03070780','2017-10-02 16:44:26'),
	('03010543','03110571','2017-10-02 16:44:26'),
	('03010543','03120566','2017-10-02 16:44:26'),
	('03010543','03120653','2017-10-02 16:44:26'),
	('03010543','03130501','2017-10-02 16:44:26'),
	('03010543','03130502','2017-10-02 16:44:26'),
	('03010543','03130503','2017-10-02 16:44:26'),
	('03010543','03130504','2017-10-02 16:44:26'),
	('03010543','03130887','2017-10-02 16:44:26'),
	('03010543','03130888','2017-10-02 16:44:26'),
	('03010543','03130889','2017-10-02 16:44:26'),
	('03010543','03130890','2017-10-02 16:44:26'),
	('03010552','03060724','2017-10-02 16:44:26'),
	('03010552','03070725','2017-10-02 16:44:26'),
	('03010552','03070885','2017-10-02 16:44:26'),
	('03010552','03080949','2017-10-02 16:44:26'),
	('03010552','03110576','2017-10-02 16:44:26'),
	('03010552','03110577','2017-10-02 16:44:26'),
	('03010552','03120580','2017-10-02 16:44:26'),
	('03010552','03120581','2017-10-02 16:44:26'),
	('03010552','03130493','2017-10-02 16:44:26'),
	('03010552','03130494','2017-10-02 16:44:26'),
	('03010552','03130495','2017-10-02 16:44:26'),
	('03010552','03130496','2017-10-02 16:44:26'),
	('03010552','03130497','2017-10-02 16:44:26'),
	('03010552','03130498','2017-10-02 16:44:26'),
	('03010552','03130499','2017-10-02 16:44:26'),
	('03010552','03130500','2017-10-02 16:44:26'),
	('03010553','03060724','2017-10-02 16:44:26'),
	('03010553','03070725','2017-10-02 16:44:26'),
	('03010553','03070885','2017-10-02 16:44:26'),
	('03010553','03080949','2017-10-02 16:44:26'),
	('03010553','03110576','2017-10-02 16:44:26'),
	('03010553','03110577','2017-10-02 16:44:26'),
	('03010553','03120580','2017-10-02 16:44:26'),
	('03010553','03120581','2017-10-02 16:44:26'),
	('03010553','03130493','2017-10-02 16:44:26'),
	('03010553','03130494','2017-10-02 16:44:26'),
	('03010553','03130495','2017-10-02 16:44:26'),
	('03010553','03130496','2017-10-02 16:44:26'),
	('03010553','03130497','2017-10-02 16:44:26'),
	('03010553','03130498','2017-10-02 16:44:26'),
	('03010553','03130499','2017-10-02 16:44:26'),
	('03010553','03130500','2017-10-02 16:44:26'),
	('03010554','03060724','2017-10-02 16:44:26'),
	('03010554','03070725','2017-10-02 16:44:26'),
	('03010554','03070885','2017-10-02 16:44:26'),
	('03010554','03080949','2017-10-02 16:44:26'),
	('03010554','03110576','2017-10-02 16:44:26'),
	('03010554','03110577','2017-10-02 16:44:26'),
	('03010554','03120580','2017-10-02 16:44:26'),
	('03010554','03120581','2017-10-02 16:44:26'),
	('03010554','03130493','2017-10-02 16:44:26'),
	('03010554','03130494','2017-10-02 16:44:26'),
	('03010554','03130495','2017-10-02 16:44:26'),
	('03010554','03130496','2017-10-02 16:44:26'),
	('03010554','03130497','2017-10-02 16:44:26'),
	('03010554','03130498','2017-10-02 16:44:26'),
	('03010554','03130499','2017-10-02 16:44:26'),
	('03010554','03130500','2017-10-02 16:44:26'),
	('03010555','03060724','2017-10-02 16:44:26'),
	('03010555','03070725','2017-10-02 16:44:26'),
	('03010555','03070885','2017-10-02 16:44:26'),
	('03010555','03080949','2017-10-02 16:44:26'),
	('03010555','03110576','2017-10-02 16:44:26'),
	('03010555','03110577','2017-10-02 16:44:26'),
	('03010555','03120580','2017-10-02 16:44:26'),
	('03010555','03120581','2017-10-02 16:44:26'),
	('03010555','03130493','2017-10-02 16:44:26'),
	('03010555','03130494','2017-10-02 16:44:26'),
	('03010555','03130495','2017-10-02 16:44:26'),
	('03010555','03130496','2017-10-02 16:44:26'),
	('03010555','03130497','2017-10-02 16:44:26'),
	('03010555','03130498','2017-10-02 16:44:26'),
	('03010555','03130499','2017-10-02 16:44:26'),
	('03010555','03130500','2017-10-02 16:44:26'),
	('03010556','03060724','2017-10-02 16:44:26'),
	('03010556','03070725','2017-10-02 16:44:26'),
	('03010556','03070885','2017-10-02 16:44:26'),
	('03010556','03080949','2017-10-02 16:44:26'),
	('03010556','03110576','2017-10-02 16:44:26'),
	('03010556','03110577','2017-10-02 16:44:26'),
	('03010556','03120580','2017-10-02 16:44:26'),
	('03010556','03120581','2017-10-02 16:44:26'),
	('03010556','03130493','2017-10-02 16:44:26'),
	('03010556','03130494','2017-10-02 16:44:26'),
	('03010556','03130495','2017-10-02 16:44:26'),
	('03010556','03130496','2017-10-02 16:44:26'),
	('03010556','03130497','2017-10-02 16:44:26'),
	('03010556','03130498','2017-10-02 16:44:26'),
	('03010556','03130499','2017-10-02 16:44:26'),
	('03010556','03130500','2017-10-02 16:44:26'),
	('03010560','03060312','2017-10-02 16:44:26'),
	('03010560','03070299','2017-10-02 16:44:26'),
	('03010560','03110217','2017-10-02 16:44:26'),
	('03010560','03120579','2017-10-02 16:44:26'),
	('03010560','03120609','2017-10-02 16:44:26'),
	('03010561','03060312','2017-10-02 16:44:26'),
	('03010561','03070299','2017-10-02 16:44:26'),
	('03010561','03110217','2017-10-02 16:44:26'),
	('03010561','03120579','2017-10-02 16:44:26'),
	('03010561','03120609','2017-10-02 16:44:26'),
	('03010564','03060307','2017-10-02 16:44:26'),
	('03010564','03060841','2017-10-02 16:44:26'),
	('03010564','03070842','2017-10-02 16:44:26'),
	('03010564','03090392','2017-10-02 16:44:26'),
	('03010564','03110349','2017-10-02 16:44:26'),
	('03010564','03120343','2017-10-02 16:44:26'),
	('03010564','03120706','2017-10-02 16:44:26'),
	('03010631','03060311','2017-10-02 16:44:26'),
	('03010631','03070298','2017-10-02 16:44:26'),
	('03010631','03090657','2017-10-02 16:44:26'),
	('03010631','03110350','2017-10-02 16:44:26'),
	('03010631','03120344','2017-10-02 16:44:26'),
	('03010638','03060312','2017-10-02 16:44:26'),
	('03010638','03070299','2017-10-02 16:44:26'),
	('03010638','03110217','2017-10-02 16:44:26'),
	('03010638','03120342','2017-10-02 16:44:26'),
	('03010736','03060942','2017-10-02 16:44:26'),
	('03010736','03070725','2017-10-02 16:44:26'),
	('03010736','03070885','2017-10-02 16:44:26'),
	('03010736','03080949','2017-10-02 16:44:26'),
	('03010736','03110576','2017-10-02 16:44:26'),
	('03010736','03110577','2017-10-02 16:44:26'),
	('03010736','03110836','2017-10-02 16:44:26'),
	('03010736','03120580','2017-10-02 16:44:26'),
	('03010736','03120581','2017-10-02 16:44:26'),
	('03010736','03130627','2017-10-02 16:44:26'),
	('03010736','03130628','2017-10-02 16:44:26'),
	('03010736','03130629','2017-10-02 16:44:26'),
	('03010736','03130630','2017-10-02 16:44:26'),
	('03010736','03130878','2017-10-02 16:44:26'),
	('03010737','03060942','2017-10-02 16:44:26'),
	('03010737','03070725','2017-10-02 16:44:26'),
	('03010737','03070885','2017-10-02 16:44:26'),
	('03010737','03080949','2017-10-02 16:44:26'),
	('03010737','03110576','2017-10-02 16:44:26'),
	('03010737','03110577','2017-10-02 16:44:26'),
	('03010737','03110836','2017-10-02 16:44:26'),
	('03010737','03120580','2017-10-02 16:44:26'),
	('03010737','03120581','2017-10-02 16:44:26'),
	('03010737','03130627','2017-10-02 16:44:26'),
	('03010737','03130628','2017-10-02 16:44:26'),
	('03010737','03130629','2017-10-02 16:44:26'),
	('03010737','03130630','2017-10-02 16:44:26'),
	('03010737','03130878','2017-10-02 16:44:26'),
	('03010738','03060942','2017-10-02 16:44:26'),
	('03010738','03070725','2017-10-02 16:44:26'),
	('03010738','03070885','2017-10-02 16:44:26'),
	('03010738','03080949','2017-10-02 16:44:26'),
	('03010738','03110576','2017-10-02 16:44:26'),
	('03010738','03110577','2017-10-02 16:44:26'),
	('03010738','03110836','2017-10-02 16:44:26'),
	('03010738','03120580','2017-10-02 16:44:26'),
	('03010738','03120581','2017-10-02 16:44:26'),
	('03010738','03130627','2017-10-02 16:44:26'),
	('03010738','03130628','2017-10-02 16:44:26'),
	('03010738','03130629','2017-10-02 16:44:26'),
	('03010738','03130630','2017-10-02 16:44:26'),
	('03010738','03130878','2017-10-02 16:44:26'),
	('03010739','03060942','2017-10-02 16:44:26'),
	('03010739','03070725','2017-10-02 16:44:26'),
	('03010739','03070885','2017-10-02 16:44:26'),
	('03010739','03080949','2017-10-02 16:44:26'),
	('03010739','03110576','2017-10-02 16:44:26'),
	('03010739','03110577','2017-10-02 16:44:26'),
	('03010739','03110836','2017-10-02 16:44:26'),
	('03010739','03120580','2017-10-02 16:44:26'),
	('03010739','03120581','2017-10-02 16:44:26'),
	('03010739','03130627','2017-10-02 16:44:26'),
	('03010739','03130628','2017-10-02 16:44:26'),
	('03010739','03130629','2017-10-02 16:44:26'),
	('03010739','03130630','2017-10-02 16:44:26'),
	('03010739','03130878','2017-10-02 16:44:26'),
	('03010781','03060841','2017-10-02 16:44:26'),
	('03010781','03070842','2017-10-02 16:44:26'),
	('03010781','03110349','2017-10-02 16:44:26'),
	('03010781','03120706','2017-10-02 16:44:26'),
	('03010785','03060841','2017-10-02 16:44:26'),
	('03010785','03070842','2017-10-02 16:44:26'),
	('03010785','03110349','2017-10-02 16:44:26'),
	('03010785','03120706','2017-10-02 16:44:26'),
	('03010787','03060883','2017-10-02 16:44:26'),
	('03010787','03070884','2017-10-02 16:44:26'),
	('03010787','03080832','2017-10-02 16:44:26'),
	('03010787','03080833','2017-10-02 16:44:26'),
	('03010787','03080835','2017-10-02 16:44:26'),
	('03010787','03110726','2017-10-02 16:44:26'),
	('03010787','03120669','2017-10-02 16:44:26'),
	('03010787','03130859','2017-10-02 16:44:26'),
	('03010787','03130881','2017-10-02 16:44:26'),
	('03010788','03060883','2017-10-02 16:44:26'),
	('03010788','03070884','2017-10-02 16:44:26'),
	('03010788','03080832','2017-10-02 16:44:26'),
	('03010788','03080833','2017-10-02 16:44:26'),
	('03010788','03080835','2017-10-02 16:44:26'),
	('03010788','03110726','2017-10-02 16:44:26'),
	('03010788','03120669','2017-10-02 16:44:26'),
	('03010788','03130859','2017-10-02 16:44:26'),
	('03010788','03130881','2017-10-02 16:44:26'),
	('03010789','03060883','2017-10-02 16:44:26'),
	('03010789','03070884','2017-10-02 16:44:26'),
	('03010789','03080832','2017-10-02 16:44:26'),
	('03010789','03080833','2017-10-02 16:44:26'),
	('03010789','03080835','2017-10-02 16:44:26'),
	('03010789','03110726','2017-10-02 16:44:26'),
	('03010789','03120669','2017-10-02 16:44:26'),
	('03010789','03130859','2017-10-02 16:44:26'),
	('03010789','03130881','2017-10-02 16:44:26'),
	('03010790','03060883','2017-10-02 16:44:26'),
	('03010790','03070884','2017-10-02 16:44:26'),
	('03010790','03080832','2017-10-02 16:44:26'),
	('03010790','03080833','2017-10-02 16:44:26'),
	('03010790','03080835','2017-10-02 16:44:26'),
	('03010790','03110726','2017-10-02 16:44:26'),
	('03010790','03120669','2017-10-02 16:44:26'),
	('03010790','03130859','2017-10-02 16:44:26'),
	('03010790','03130881','2017-10-02 16:44:26'),
	('03010791','03060886','2017-10-02 16:44:26'),
	('03010791','03080834','2017-10-02 16:44:26'),
	('03010791','03080835','2017-10-02 16:44:26'),
	('03010791','03110727','2017-10-02 16:44:26'),
	('03010791','03120669','2017-10-02 16:44:26'),
	('03010791','03130863','2017-10-02 16:44:26'),
	('03010791','03130882','2017-10-02 16:44:26'),
	('03010792','03060886','2017-10-02 16:44:26'),
	('03010792','03080834','2017-10-02 16:44:26'),
	('03010792','03080835','2017-10-02 16:44:26'),
	('03010792','03110727','2017-10-02 16:44:26'),
	('03010792','03120669','2017-10-02 16:44:26'),
	('03010792','03130863','2017-10-02 16:44:26'),
	('03010792','03130882','2017-10-02 16:44:26'),
	('03010793','03060886','2017-10-02 16:44:26'),
	('03010793','03080834','2017-10-02 16:44:26'),
	('03010793','03080835','2017-10-02 16:44:26'),
	('03010793','03110727','2017-10-02 16:44:26'),
	('03010793','03120669','2017-10-02 16:44:26'),
	('03010793','03130863','2017-10-02 16:44:26'),
	('03010793','03130882','2017-10-02 16:44:26'),
	('03010794','03060886','2017-10-02 16:44:26'),
	('03010794','03080834','2017-10-02 16:44:26'),
	('03010794','03080835','2017-10-02 16:44:26'),
	('03010794','03110727','2017-10-02 16:44:26'),
	('03010794','03120669','2017-10-02 16:44:26'),
	('03010794','03130863','2017-10-02 16:44:26'),
	('03010794','03130882','2017-10-02 16:44:26'),
	('03010983','03080834','2017-10-02 16:44:26'),
	('03010983','03080835','2017-10-02 16:44:26'),
	('03010983','03110727','2017-10-02 16:44:26'),
	('03010983','03120669','2017-10-02 16:44:26'),
	('03010983','03130863','2017-10-02 16:44:26'),
	('03010983','03130882','2017-10-02 16:44:26'),
	('03010984','03080834','2017-10-02 16:44:26'),
	('03010984','03080835','2017-10-02 16:44:26'),
	('03010984','03110727','2017-10-02 16:44:26'),
	('03010984','03120669','2017-10-02 16:44:26'),
	('03010984','03130863','2017-10-02 16:44:26'),
	('03010984','03130882','2017-10-02 16:44:26'),
	('03010985','03080834','2017-10-02 16:44:26'),
	('03010985','03080835','2017-10-02 16:44:26'),
	('03010985','03110727','2017-10-02 16:44:26'),
	('03010985','03120669','2017-10-02 16:44:26'),
	('03010985','03130863','2017-10-02 16:44:26'),
	('03010985','03130882','2017-10-02 16:44:26'),
	('03010986','03080834','2017-10-02 16:44:26'),
	('03010986','03080835','2017-10-02 16:44:26'),
	('03010986','03110727','2017-10-02 16:44:26'),
	('03010986','03120669','2017-10-02 16:44:26'),
	('03010986','03130863','2017-10-02 16:44:26'),
	('03010986','03130882','2017-10-02 16:44:26'),
	('03010987','03080949','2017-10-02 16:44:26'),
	('03010987','03110576','2017-10-02 16:44:26'),
	('03010987','03110577','2017-10-02 16:44:26'),
	('03010987','03120580','2017-10-02 16:44:26'),
	('03010987','03120581','2017-10-02 16:44:26'),
	('03010987','03130991','2017-10-02 16:44:26'),
	('03010987','03130992','2017-10-02 16:44:26'),
	('03010987','03130993','2017-10-02 16:44:26'),
	('03010987','03130994','2017-10-02 16:44:26'),
	('03010987','03130995','2017-10-02 16:44:26'),
	('03010988','03080949','2017-10-02 16:44:26'),
	('03010988','03110576','2017-10-02 16:44:26'),
	('03010988','03110577','2017-10-02 16:44:26'),
	('03010988','03120580','2017-10-02 16:44:26'),
	('03010988','03120581','2017-10-02 16:44:26'),
	('03010988','03130991','2017-10-02 16:44:26'),
	('03010988','03130992','2017-10-02 16:44:26'),
	('03010988','03130993','2017-10-02 16:44:26'),
	('03010988','03130994','2017-10-02 16:44:26'),
	('03010988','03130995','2017-10-02 16:44:26'),
	('03010989','03080949','2017-10-02 16:44:26'),
	('03010989','03110576','2017-10-02 16:44:26'),
	('03010989','03110577','2017-10-02 16:44:26'),
	('03010989','03120580','2017-10-02 16:44:26'),
	('03010989','03120581','2017-10-02 16:44:26'),
	('03010989','03130991','2017-10-02 16:44:26'),
	('03010989','03130992','2017-10-02 16:44:26'),
	('03010989','03130993','2017-10-02 16:44:26'),
	('03010989','03130994','2017-10-02 16:44:26'),
	('03010989','03130995','2017-10-02 16:44:26'),
	('03010990','03080949','2017-10-02 16:44:26'),
	('03010990','03110576','2017-10-02 16:44:26'),
	('03010990','03110577','2017-10-02 16:44:26'),
	('03010990','03120580','2017-10-02 16:44:26'),
	('03010990','03120581','2017-10-02 16:44:26'),
	('03010990','03130991','2017-10-02 16:44:26'),
	('03010990','03130992','2017-10-02 16:44:26'),
	('03010990','03130993','2017-10-02 16:44:26'),
	('03010990','03130994','2017-10-02 16:44:26'),
	('03010990','03130995','2017-10-02 16:44:26'),
	('04010038','04050645','2017-10-02 16:44:26'),
	('04010038','04060328','2017-10-02 16:44:26'),
	('04010038','04060330','2017-10-02 16:44:26'),
	('04010038','04070313','2017-10-02 16:44:26'),
	('04010038','04070324','2017-10-02 16:44:26'),
	('04010082','04060326','2017-10-02 16:44:26'),
	('04010082','04070315','2017-10-02 16:44:26'),
	('04010082','04110216','2017-10-02 16:44:26'),
	('04010082','04120211','2017-10-02 16:44:26'),
	('04010082','04120611','2017-10-02 16:44:26'),
	('04010083','04060326','2017-10-02 16:44:26'),
	('04010083','04110216','2017-10-02 16:44:26'),
	('04010083','04120211','2017-10-02 16:44:26'),
	('04010083','04120611','2017-10-02 16:44:26'),
	('04010083','04140903','2017-10-02 16:44:26'),
	('04010083','04140954','2017-10-02 16:44:26'),
	('04010113','04110216','2017-10-02 16:44:26'),
	('04010121','04050645','2017-10-02 16:44:26'),
	('04010121','04060366','2017-10-02 16:44:26'),
	('04010121','04070365','2017-10-02 16:44:26'),
	('04010121','04110457','2017-10-02 16:44:26'),
	('04010121','04120208','2017-10-02 16:44:26'),
	('04010121','04140689','2017-10-02 16:44:26'),
	('04010122','04060400','2017-10-02 16:44:26'),
	('04010122','04070322','2017-10-02 16:44:26'),
	('04010122','04090660','2017-10-02 16:44:26'),
	('04010122','04110364','2017-10-02 16:44:26'),
	('04010122','04120209','2017-10-02 16:44:26'),
	('04010122','04120610','2017-10-02 16:44:26'),
	('04010123','04060332','2017-10-02 16:44:26'),
	('04010123','04060398','2017-10-02 16:44:26'),
	('04010123','04070323','2017-10-02 16:44:26'),
	('04010123','04070397','2017-10-02 16:44:26'),
	('04010123','04090395','2017-10-02 16:44:26'),
	('04010123','04090662','2017-10-02 16:44:26'),
	('04010123','04110216','2017-10-02 16:44:26'),
	('04010123','04120211','2017-10-02 16:44:26'),
	('04010123','04120611','2017-10-02 16:44:26'),
	('04010123','04120614','2017-10-02 16:44:26'),
	('04010123','04120618','2017-10-02 16:44:26'),
	('04010123','04140903','2017-10-02 16:44:26'),
	('04010123','04140954','2017-10-02 16:44:26'),
	('04010124','04020966','2017-10-02 16:44:26'),
	('04010124','04060334','2017-10-02 16:44:26'),
	('04010124','04070319','2017-10-02 16:44:26'),
	('04010124','04110219','2017-10-02 16:44:26'),
	('04010124','04120208','2017-10-02 16:44:26'),
	('04010124','04140688','2017-10-02 16:44:26'),
	('04010139','04050645','2017-10-02 16:44:26'),
	('04010139','04060335','2017-10-02 16:44:26'),
	('04010139','04070321','2017-10-02 16:44:26'),
	('04010139','04110235','2017-10-02 16:44:26'),
	('04010139','04120208','2017-10-02 16:44:26'),
	('04010139','04140689','2017-10-02 16:44:26'),
	('04010243','04090658','2017-10-02 16:44:26'),
	('04010243','04110216','2017-10-02 16:44:26'),
	('04010243','04120211','2017-10-02 16:44:26'),
	('04010243','04120611','2017-10-02 16:44:26'),
	('04010243','04120614','2017-10-02 16:44:26'),
	('04010243','04140903','2017-10-02 16:44:26'),
	('04010243','04140954','2017-10-02 16:44:26'),
	('04010355','04060331','2017-10-02 16:44:26'),
	('04010355','04070320','2017-10-02 16:44:26'),
	('04010355','04110363','2017-10-02 16:44:26'),
	('04010355','04120205','2017-10-02 16:44:26'),
	('04010355','04140961','2017-10-02 16:44:26'),
	('04010455','04040879','2017-10-02 16:44:26'),
	('04010455','04060647','2017-10-02 16:44:26'),
	('04010455','04070322','2017-10-02 16:44:26'),
	('04010455','04070646','2017-10-02 16:44:26'),
	('04010455','04090659','2017-10-02 16:44:26'),
	('04010455','04090661','2017-10-02 16:44:26'),
	('04010455','04110364','2017-10-02 16:44:26'),
	('04010455','04120209','2017-10-02 16:44:26'),
	('04010455','04120506','2017-10-02 16:44:26'),
	('04010455','04120610','2017-10-02 16:44:26'),
	('04010456','04110527','2017-10-02 16:44:26'),
	('04010456','04120490','2017-10-02 16:44:26'),
	('04010456','04120613','2017-10-02 16:44:26'),
	('04010456','04140903','2017-10-02 16:44:26'),
	('04010456','04140954','2017-10-02 16:44:26'),
	('04010518','04050637','2017-10-02 16:44:26'),
	('04010518','04080952','2017-10-02 16:44:26'),
	('04010518','04080956','2017-10-02 16:44:26'),
	('04010518','04110588','2017-10-02 16:44:26'),
	('04010518','04110636','2017-10-02 16:44:26'),
	('04010518','04120582','2017-10-02 16:44:26'),
	('04010518','04120612','2017-10-02 16:44:26'),
	('04010518','04120825','2017-10-02 16:44:26'),
	('04010518','04130671','2017-10-02 16:44:26'),
	('04010518','04130672','2017-10-02 16:44:26'),
	('04010518','04130673','2017-10-02 16:44:26'),
	('04010518','04130674','2017-10-02 16:44:26'),
	('04010518','04130962','2017-10-02 16:44:26'),
	('04010518','04130963','2017-10-02 16:44:26'),
	('04010518','04130964','2017-10-02 16:44:26'),
	('04010518','04130965','2017-10-02 16:44:26'),
	('04010519','04050637','2017-10-02 16:44:26'),
	('04010519','04080952','2017-10-02 16:44:26'),
	('04010519','04080956','2017-10-02 16:44:26'),
	('04010519','04110588','2017-10-02 16:44:26'),
	('04010519','04110636','2017-10-02 16:44:26'),
	('04010519','04120582','2017-10-02 16:44:26'),
	('04010519','04120612','2017-10-02 16:44:26'),
	('04010519','04120825','2017-10-02 16:44:26'),
	('04010519','04130671','2017-10-02 16:44:26'),
	('04010519','04130672','2017-10-02 16:44:26'),
	('04010519','04130673','2017-10-02 16:44:26'),
	('04010519','04130674','2017-10-02 16:44:26'),
	('04010519','04130962','2017-10-02 16:44:26'),
	('04010519','04130963','2017-10-02 16:44:26'),
	('04010519','04130964','2017-10-02 16:44:26'),
	('04010519','04130965','2017-10-02 16:44:26'),
	('04010520','04050637','2017-10-02 16:44:26'),
	('04010520','04080952','2017-10-02 16:44:26'),
	('04010520','04080956','2017-10-02 16:44:26'),
	('04010520','04110588','2017-10-02 16:44:26'),
	('04010520','04110636','2017-10-02 16:44:26'),
	('04010520','04120582','2017-10-02 16:44:26'),
	('04010520','04120612','2017-10-02 16:44:26'),
	('04010520','04120825','2017-10-02 16:44:26'),
	('04010520','04130671','2017-10-02 16:44:26'),
	('04010520','04130672','2017-10-02 16:44:26'),
	('04010520','04130673','2017-10-02 16:44:26'),
	('04010520','04130674','2017-10-02 16:44:26'),
	('04010520','04130962','2017-10-02 16:44:26'),
	('04010520','04130963','2017-10-02 16:44:26'),
	('04010520','04130964','2017-10-02 16:44:26'),
	('04010520','04130965','2017-10-02 16:44:26'),
	('04010521','04050637','2017-10-02 16:44:26'),
	('04010521','04080952','2017-10-02 16:44:26'),
	('04010521','04080956','2017-10-02 16:44:26'),
	('04010521','04110588','2017-10-02 16:44:26'),
	('04010521','04110636','2017-10-02 16:44:26'),
	('04010521','04120582','2017-10-02 16:44:26'),
	('04010521','04120612','2017-10-02 16:44:26'),
	('04010521','04120825','2017-10-02 16:44:26'),
	('04010521','04130671','2017-10-02 16:44:26'),
	('04010521','04130672','2017-10-02 16:44:26'),
	('04010521','04130673','2017-10-02 16:44:26'),
	('04010521','04130674','2017-10-02 16:44:26'),
	('04010521','04130962','2017-10-02 16:44:26'),
	('04010521','04130963','2017-10-02 16:44:26'),
	('04010521','04130964','2017-10-02 16:44:26'),
	('04010521','04130965','2017-10-02 16:44:26'),
	('04010522','04050637','2017-10-02 16:44:26'),
	('04010522','04080952','2017-10-02 16:44:26'),
	('04010522','04080956','2017-10-02 16:44:26'),
	('04010522','04110588','2017-10-02 16:44:26'),
	('04010522','04110636','2017-10-02 16:44:26'),
	('04010522','04120582','2017-10-02 16:44:26'),
	('04010522','04120612','2017-10-02 16:44:26'),
	('04010522','04120825','2017-10-02 16:44:26'),
	('04010522','04130962','2017-10-02 16:44:26'),
	('04010522','04130963','2017-10-02 16:44:26'),
	('04010522','04130964','2017-10-02 16:44:26'),
	('04010522','04130965','2017-10-02 16:44:26'),
	('04010523','04050637','2017-10-02 16:44:26'),
	('04010523','04080952','2017-10-02 16:44:26'),
	('04010523','04080956','2017-10-02 16:44:26'),
	('04010523','04110588','2017-10-02 16:44:26'),
	('04010523','04110636','2017-10-02 16:44:26'),
	('04010523','04120582','2017-10-02 16:44:26'),
	('04010523','04120612','2017-10-02 16:44:26'),
	('04010523','04120825','2017-10-02 16:44:26'),
	('04010523','04130962','2017-10-02 16:44:26'),
	('04010523','04130963','2017-10-02 16:44:26'),
	('04010523','04130964','2017-10-02 16:44:26'),
	('04010523','04130965','2017-10-02 16:44:26'),
	('04010524','04050637','2017-10-02 16:44:26'),
	('04010524','04080952','2017-10-02 16:44:26'),
	('04010524','04080956','2017-10-02 16:44:26'),
	('04010524','04110588','2017-10-02 16:44:26'),
	('04010524','04110636','2017-10-02 16:44:26'),
	('04010524','04120582','2017-10-02 16:44:26'),
	('04010524','04120612','2017-10-02 16:44:26'),
	('04010524','04120825','2017-10-02 16:44:26'),
	('04010524','04130962','2017-10-02 16:44:26'),
	('04010524','04130963','2017-10-02 16:44:26'),
	('04010524','04130964','2017-10-02 16:44:26'),
	('04010524','04130965','2017-10-02 16:44:26'),
	('04010525','04050637','2017-10-02 16:44:26'),
	('04010525','04080952','2017-10-02 16:44:26'),
	('04010525','04080956','2017-10-02 16:44:26'),
	('04010525','04110588','2017-10-02 16:44:26'),
	('04010525','04110636','2017-10-02 16:44:26'),
	('04010525','04120582','2017-10-02 16:44:26'),
	('04010525','04120612','2017-10-02 16:44:26'),
	('04010525','04120825','2017-10-02 16:44:26'),
	('04010525','04130962','2017-10-02 16:44:26'),
	('04010525','04130963','2017-10-02 16:44:26'),
	('04010525','04130964','2017-10-02 16:44:26'),
	('04010525','04130965','2017-10-02 16:44:26'),
	('04010591','04050700','2017-10-02 16:44:26'),
	('04010591','04080951','2017-10-02 16:44:26'),
	('04010591','04110702','2017-10-02 16:44:26'),
	('04010591','04110704','2017-10-02 16:44:26'),
	('04010591','04120583','2017-10-02 16:44:26'),
	('04010591','04130683','2017-10-02 16:44:26'),
	('04010591','04130684','2017-10-02 16:44:26'),
	('04010591','04130685','2017-10-02 16:44:26'),
	('04010591','04130686','2017-10-02 16:44:26'),
	('04010591','04130933','2017-10-02 16:44:26'),
	('04010591','04130934','2017-10-02 16:44:26'),
	('04010591','04130935','2017-10-02 16:44:26'),
	('04010692','04050699','2017-10-02 16:44:26'),
	('04010692','04080952','2017-10-02 16:44:26'),
	('04010692','04080956','2017-10-02 16:44:26'),
	('04010692','04110701','2017-10-02 16:44:26'),
	('04010692','04110703','2017-10-02 16:44:26'),
	('04010692','04120582','2017-10-02 16:44:26'),
	('04010692','04120612','2017-10-02 16:44:26'),
	('04010692','04120825','2017-10-02 16:44:26'),
	('04010692','04130907','2017-10-02 16:44:26'),
	('04010692','04130908','2017-10-02 16:44:26'),
	('04010692','04130909','2017-10-02 16:44:26'),
	('04010692','04130931','2017-10-02 16:44:26'),
	('04010728','04110830','2017-10-02 16:44:26'),
	('04010728','04120825','2017-10-02 16:44:26'),
	('04010728','04130906','2017-10-02 16:44:26'),
	('04010729','04050699','2017-10-02 16:44:26'),
	('04010729','04080952','2017-10-02 16:44:26'),
	('04010729','04080956','2017-10-02 16:44:26'),
	('04010729','04110701','2017-10-02 16:44:26'),
	('04010729','04110703','2017-10-02 16:44:26'),
	('04010729','04110830','2017-10-02 16:44:26'),
	('04010729','04120582','2017-10-02 16:44:26'),
	('04010729','04120612','2017-10-02 16:44:26'),
	('04010729','04120825','2017-10-02 16:44:26'),
	('04010729','04130906','2017-10-02 16:44:26'),
	('04010729','04130907','2017-10-02 16:44:26'),
	('04010729','04130908','2017-10-02 16:44:26'),
	('04010729','04130909','2017-10-02 16:44:26'),
	('04010729','04130931','2017-10-02 16:44:26'),
	('04010730','04050699','2017-10-02 16:44:26'),
	('04010730','04080952','2017-10-02 16:44:26'),
	('04010730','04080956','2017-10-02 16:44:26'),
	('04010730','04110701','2017-10-02 16:44:26'),
	('04010730','04110703','2017-10-02 16:44:26'),
	('04010730','04110830','2017-10-02 16:44:26'),
	('04010730','04120582','2017-10-02 16:44:26'),
	('04010730','04120612','2017-10-02 16:44:26'),
	('04010730','04120825','2017-10-02 16:44:26'),
	('04010730','04130906','2017-10-02 16:44:26'),
	('04010730','04130907','2017-10-02 16:44:26'),
	('04010730','04130908','2017-10-02 16:44:26'),
	('04010730','04130909','2017-10-02 16:44:26'),
	('04010730','04130931','2017-10-02 16:44:26'),
	('04010731','04050699','2017-10-02 16:44:26'),
	('04010731','04080952','2017-10-02 16:44:26'),
	('04010731','04080956','2017-10-02 16:44:26'),
	('04010731','04110701','2017-10-02 16:44:26'),
	('04010731','04110703','2017-10-02 16:44:26'),
	('04010731','04110830','2017-10-02 16:44:26'),
	('04010731','04120582','2017-10-02 16:44:26'),
	('04010731','04120612','2017-10-02 16:44:26'),
	('04010731','04120825','2017-10-02 16:44:26'),
	('04010731','04130906','2017-10-02 16:44:26'),
	('04010731','04130907','2017-10-02 16:44:26'),
	('04010731','04130908','2017-10-02 16:44:26'),
	('04010731','04130909','2017-10-02 16:44:26'),
	('04010731','04130931','2017-10-02 16:44:26'),
	('04010732','04130932','2017-10-02 16:44:26'),
	('04010740','04080952','2017-10-02 16:44:26'),
	('04010740','04080956','2017-10-02 16:44:26'),
	('04010740','04110830','2017-10-02 16:44:26'),
	('04010740','04120825','2017-10-02 16:44:26'),
	('04010740','04130925','2017-10-02 16:44:26'),
	('04010740','04130926','2017-10-02 16:44:26'),
	('04010740','04130927','2017-10-02 16:44:26'),
	('04010740','04130928','2017-10-02 16:44:26'),
	('04010741','04080952','2017-10-02 16:44:26'),
	('04010741','04080956','2017-10-02 16:44:26'),
	('04010741','04110830','2017-10-02 16:44:26'),
	('04010741','04120825','2017-10-02 16:44:26'),
	('04010741','04130679','2017-10-02 16:44:26'),
	('04010741','04130925','2017-10-02 16:44:26'),
	('04010741','04130926','2017-10-02 16:44:26'),
	('04010741','04130927','2017-10-02 16:44:26'),
	('04010741','04130928','2017-10-02 16:44:26'),
	('04010742','04080952','2017-10-02 16:44:26'),
	('04010742','04080956','2017-10-02 16:44:26'),
	('04010742','04110830','2017-10-02 16:44:26'),
	('04010742','04120825','2017-10-02 16:44:26'),
	('04010742','04130679','2017-10-02 16:44:26'),
	('04010742','04130925','2017-10-02 16:44:26'),
	('04010742','04130926','2017-10-02 16:44:26'),
	('04010742','04130927','2017-10-02 16:44:26'),
	('04010742','04130928','2017-10-02 16:44:26'),
	('04010743','04080952','2017-10-02 16:44:26'),
	('04010743','04080956','2017-10-02 16:44:26'),
	('04010743','04110830','2017-10-02 16:44:26'),
	('04010743','04120825','2017-10-02 16:44:26'),
	('04010743','04130679','2017-10-02 16:44:26'),
	('04010743','04130925','2017-10-02 16:44:26'),
	('04010743','04130926','2017-10-02 16:44:26'),
	('04010743','04130927','2017-10-02 16:44:26'),
	('04010743','04130928','2017-10-02 16:44:26'),
	('04010744','04070997','2017-10-02 16:44:26'),
	('04010744','04110831','2017-10-02 16:44:26'),
	('04010744','04120825','2017-10-02 16:44:26'),
	('04010744','04130910','2017-10-02 16:44:26'),
	('04010744','04130911','2017-10-02 16:44:26'),
	('04010744','04130912','2017-10-02 16:44:26'),
	('04010744','04130913','2017-10-02 16:44:26'),
	('04010745','04070997','2017-10-02 16:44:26'),
	('04010745','04110831','2017-10-02 16:44:26'),
	('04010745','04120825','2017-10-02 16:44:26'),
	('04010745','04130910','2017-10-02 16:44:26'),
	('04010745','04130911','2017-10-02 16:44:26'),
	('04010745','04130912','2017-10-02 16:44:26'),
	('04010745','04130913','2017-10-02 16:44:26'),
	('04010746','04070997','2017-10-02 16:44:26'),
	('04010746','04110831','2017-10-02 16:44:26'),
	('04010746','04120825','2017-10-02 16:44:26'),
	('04010746','04130910','2017-10-02 16:44:26'),
	('04010746','04130911','2017-10-02 16:44:26'),
	('04010746','04130912','2017-10-02 16:44:26'),
	('04010746','04130913','2017-10-02 16:44:26'),
	('04010747','04070997','2017-10-02 16:44:26'),
	('04010747','04110831','2017-10-02 16:44:26'),
	('04010747','04120825','2017-10-02 16:44:26'),
	('04010747','04130910','2017-10-02 16:44:26'),
	('04010747','04130911','2017-10-02 16:44:26'),
	('04010747','04130912','2017-10-02 16:44:26'),
	('04010747','04130913','2017-10-02 16:44:26'),
	('04010748','04110831','2017-10-02 16:44:26'),
	('04010748','04120825','2017-10-02 16:44:26'),
	('04010748','04130914','2017-10-02 16:44:26'),
	('04010748','04130915','2017-10-02 16:44:26'),
	('04010748','04130916','2017-10-02 16:44:26'),
	('04010748','04130917','2017-10-02 16:44:26'),
	('04010749','04110831','2017-10-02 16:44:26'),
	('04010749','04120825','2017-10-02 16:44:26'),
	('04010749','04130914','2017-10-02 16:44:26'),
	('04010749','04130915','2017-10-02 16:44:26'),
	('04010749','04130916','2017-10-02 16:44:26'),
	('04010749','04130917','2017-10-02 16:44:26'),
	('04010750','04110831','2017-10-02 16:44:26'),
	('04010750','04120825','2017-10-02 16:44:26'),
	('04010750','04130914','2017-10-02 16:44:26'),
	('04010750','04130915','2017-10-02 16:44:26'),
	('04010750','04130916','2017-10-02 16:44:26'),
	('04010750','04130917','2017-10-02 16:44:26'),
	('04010751','04110831','2017-10-02 16:44:26'),
	('04010751','04120825','2017-10-02 16:44:26'),
	('04010751','04130914','2017-10-02 16:44:26'),
	('04010751','04130915','2017-10-02 16:44:26'),
	('04010751','04130916','2017-10-02 16:44:26'),
	('04010751','04130917','2017-10-02 16:44:26'),
	('04010752','04110837','2017-10-02 16:44:26'),
	('04010752','04120947','2017-10-02 16:44:26'),
	('04010753','04110837','2017-10-02 16:44:26'),
	('04010753','04120947','2017-10-02 16:44:26'),
	('04010754','04110837','2017-10-02 16:44:26'),
	('04010754','04120947','2017-10-02 16:44:26'),
	('04010755','04110837','2017-10-02 16:44:26'),
	('04010755','04120947','2017-10-02 16:44:26'),
	('04010756','04110837','2017-10-02 16:44:26'),
	('04010756','04120947','2017-10-02 16:44:26'),
	('04010757','04110837','2017-10-02 16:44:26'),
	('04010757','04120947','2017-10-02 16:44:26'),
	('04010758','04110837','2017-10-02 16:44:26'),
	('04010758','04120947','2017-10-02 16:44:26'),
	('04010759','04110837','2017-10-02 16:44:26'),
	('04010759','04120947','2017-10-02 16:44:26'),
	('04010810','04110698','2017-10-02 16:44:26'),
	('04010810','04120697','2017-10-02 16:44:26'),
	('04010811','04110698','2017-10-02 16:44:26'),
	('04010811','04120697','2017-10-02 16:44:26'),
	('04010812','04110698','2017-10-02 16:44:26'),
	('04010812','04120697','2017-10-02 16:44:26'),
	('04010813','04110698','2017-10-02 16:44:26'),
	('04010813','04120697','2017-10-02 16:44:26'),
	('04010814','04110698','2017-10-02 16:44:26'),
	('04010814','04120697','2017-10-02 16:44:26'),
	('04010815','04110698','2017-10-02 16:44:26'),
	('04010815','04120697','2017-10-02 16:44:26'),
	('04010816','04110698','2017-10-02 16:44:26'),
	('04010816','04120697','2017-10-02 16:44:26'),
	('04010817','04110698','2017-10-02 16:44:26'),
	('04010817','04120697','2017-10-02 16:44:26'),
	('04010844','04110363','2017-10-02 16:44:26'),
	('04010844','04120205','2017-10-02 16:44:26'),
	('04010867','04110698','2017-10-02 16:44:26'),
	('04010867','04120697','2017-10-02 16:44:26'),
	('04010868','04110698','2017-10-02 16:44:26'),
	('04010868','04120697','2017-10-02 16:44:26'),
	('04010869','04110698','2017-10-02 16:44:26'),
	('04010869','04120697','2017-10-02 16:44:26'),
	('04010870','04110698','2017-10-02 16:44:26'),
	('04010870','04120697','2017-10-02 16:44:26'),
	('04010922','04050700','2017-10-02 16:44:26'),
	('04010922','04080951','2017-10-02 16:44:26'),
	('04010922','04110702','2017-10-02 16:44:26'),
	('04010922','04110704','2017-10-02 16:44:26'),
	('04010922','04120583','2017-10-02 16:44:26'),
	('04010922','04130683','2017-10-02 16:44:26'),
	('04010922','04130684','2017-10-02 16:44:26'),
	('04010922','04130685','2017-10-02 16:44:26'),
	('04010922','04130686','2017-10-02 16:44:26'),
	('04010922','04130932','2017-10-02 16:44:26'),
	('04010922','04130933','2017-10-02 16:44:26'),
	('04010922','04130934','2017-10-02 16:44:26'),
	('04010922','04130935','2017-10-02 16:44:26'),
	('04010923','04050700','2017-10-02 16:44:26'),
	('04010923','04080951','2017-10-02 16:44:26'),
	('04010923','04110702','2017-10-02 16:44:26'),
	('04010923','04110704','2017-10-02 16:44:26'),
	('04010923','04120583','2017-10-02 16:44:26'),
	('04010923','04130683','2017-10-02 16:44:26'),
	('04010923','04130684','2017-10-02 16:44:26'),
	('04010923','04130685','2017-10-02 16:44:26'),
	('04010923','04130686','2017-10-02 16:44:26'),
	('04010923','04130932','2017-10-02 16:44:26'),
	('04010923','04130933','2017-10-02 16:44:26'),
	('04010923','04130934','2017-10-02 16:44:26'),
	('04010923','04130935','2017-10-02 16:44:26'),
	('04010924','04050700','2017-10-02 16:44:26'),
	('04010924','04080951','2017-10-02 16:44:26'),
	('04010924','04110702','2017-10-02 16:44:26'),
	('04010924','04110704','2017-10-02 16:44:26'),
	('04010924','04120583','2017-10-02 16:44:26'),
	('04010924','04130683','2017-10-02 16:44:26'),
	('04010924','04130684','2017-10-02 16:44:26'),
	('04010924','04130685','2017-10-02 16:44:26'),
	('04010924','04130686','2017-10-02 16:44:26'),
	('04010924','04130932','2017-10-02 16:44:26'),
	('04010924','04130933','2017-10-02 16:44:26'),
	('04010924','04130934','2017-10-02 16:44:26'),
	('04010924','04130935','2017-10-02 16:44:26'),
	('04010972','04120944','2017-10-02 16:44:26'),
	('04010975','04120967','2017-10-02 16:44:26'),
	('04010976','04120967','2017-10-02 16:44:26'),
	('04010977','04120967','2017-10-02 16:44:26'),
	('04010978','04120967','2017-10-02 16:44:26'),
	('05010422','05070477','2017-10-02 16:44:26'),
	('05010422','05120433','2017-10-02 16:44:26'),
	('05010422','07110385','2017-10-02 16:44:26'),
	('05010422','07120378','2017-10-02 16:44:26'),
	('05010425','05060480','2017-10-02 16:44:26'),
	('05010425','05070478','2017-10-02 16:44:26'),
	('05010425','05110384','2017-10-02 16:44:26'),
	('05010425','05120376','2017-10-02 16:44:26'),
	('05010426','05060718','2017-10-02 16:44:26'),
	('05010426','05070717','2017-10-02 16:44:26'),
	('05010426','05110380','2017-10-02 16:44:26'),
	('05010426','05120517','2017-10-02 16:44:26'),
	('05010505','05060481','2017-10-02 16:44:26'),
	('05010505','05070479','2017-10-02 16:44:26'),
	('05010505','05110380','2017-10-02 16:44:26'),
	('05010505','05120517','2017-10-02 16:44:26'),
	('05010562','05060718','2017-10-02 16:44:26'),
	('05010562','05070717','2017-10-02 16:44:26'),
	('05010562','05110380','2017-10-02 16:44:26'),
	('05010562','05120517','2017-10-02 16:44:26'),
	('05010562','05130782','2017-10-02 16:44:26'),
	('05010563','05060718','2017-10-02 16:44:26'),
	('05010563','05070717','2017-10-02 16:44:26'),
	('05010563','05110380','2017-10-02 16:44:26'),
	('05010563','05120517','2017-10-02 16:44:26'),
	('05010599','05060715','2017-10-02 16:44:26'),
	('05010599','05060716','2017-10-02 16:44:26'),
	('05010599','05070714','2017-10-02 16:44:26'),
	('05010599','05110380','2017-10-02 16:44:26'),
	('05010599','05120584','2017-10-02 16:44:26'),
	('05010599','05120654','2017-10-02 16:44:26'),
	('05010621','05010943','2017-10-02 16:44:26'),
	('05010621','05060649','2017-10-02 16:44:26'),
	('05010621','05070476','2017-10-02 16:44:26'),
	('05010621','05070648','2017-10-02 16:44:26'),
	('05010621','05090394','2017-10-02 16:44:26'),
	('05010621','05090589','2017-10-02 16:44:26'),
	('05010621','05110578','2017-10-02 16:44:26'),
	('05010621','05120434','2017-10-02 16:44:26'),
	('05010809','05010943','2017-10-02 16:44:26'),
	('05010809','05060715','2017-10-02 16:44:26'),
	('05010809','05060716','2017-10-02 16:44:26'),
	('05010809','05070714','2017-10-02 16:44:26'),
	('05010809','05110380','2017-10-02 16:44:26'),
	('05010809','05120584','2017-10-02 16:44:26'),
	('07010148','07020013','2017-10-02 16:44:26'),
	('07010148','07030481','2017-10-02 16:44:26'),
	('07010148','07040149','2017-10-02 16:44:26'),
	('07010148','07060337','2017-10-02 16:44:26'),
	('07010148','07070336','2017-10-02 16:44:26'),
	('07010148','07110163','2017-10-02 16:44:26'),
	('07010148','07120212','2017-10-02 16:44:26'),
	('07010148','07130490','2017-10-02 16:44:26'),
	('07010354','07040149','2017-10-02 16:44:26'),
	('07010354','07110374','2017-10-02 16:44:26'),
	('07010354','07110379','2017-10-02 16:44:26'),
	('07010354','07120382','2017-10-02 16:44:26'),
	('07010354','07120383','2017-10-02 16:44:26'),
	('07010354','07130401','2017-10-02 16:44:26'),
	('07010600','07110573','2017-10-02 16:44:26'),
	('08010412','08120429','2017-10-02 16:44:26'),
	('08010413','08110443','2017-10-02 16:44:26'),
	('08010414','08110445','2017-10-02 16:44:26'),
	('08010414','08120430','2017-10-02 16:44:26'),
	('08010417','08110444','2017-10-02 16:44:26'),
	('08010419','08110444','2017-10-02 16:44:26'),
	('08010799','08110823','2017-10-02 16:44:26'),
	('08010799','08120824','2017-10-02 16:44:26'),
	('08010799','08130877','2017-10-02 16:44:26'),
	('08010800','08110823','2017-10-02 16:44:26'),
	('08010800','08120824','2017-10-02 16:44:26'),
	('08010800','08130876','2017-10-02 16:44:26'),
	('08010801','08110823','2017-10-02 16:44:26'),
	('08010801','08120824','2017-10-02 16:44:26'),
	('50001126','02060846','2017-10-02 16:44:26'),
	('50001126','02100845','2017-10-02 16:44:26'),
	('50001127','02060846','2017-10-02 16:44:26'),
	('50001127','02100845','2017-10-02 16:44:26');

/*!40000 ALTER TABLE `tbl_cross_references` ENABLE KEYS */;
UNLOCK TABLES;


# Dump of table tbl_detail_list_price
# ------------------------------------------------------------

DROP TABLE IF EXISTS `tbl_detail_list_price`;

CREATE TABLE `tbl_detail_list_price` (
  `id_product` varchar(24) NOT NULL,
  `id_list_price` varchar(150) NOT NULL,
  `price` float NOT NULL,
  `created` timestamp NOT NULL DEFAULT CURRENT_TIMESTAMP ON UPDATE CURRENT_TIMESTAMP,
  PRIMARY KEY (`id_product`,`id_list_price`),
  KEY `fk_list_price` (`id_list_price`),
  CONSTRAINT `fk_product_list_price` FOREIGN KEY (`id_product`) REFERENCES `tbl_product` (`code`) ON DELETE CASCADE ON UPDATE CASCADE,
  CONSTRAINT `pk_list_price_detail_list` FOREIGN KEY (`id_list_price`) REFERENCES `tbl_list_price` (`name`) ON DELETE CASCADE ON UPDATE CASCADE
) ENGINE=InnoDB DEFAULT CHARSET=latin1;

LOCK TABLES `tbl_detail_list_price` WRITE;
/*!40000 ALTER TABLE `tbl_detail_list_price` DISABLE KEYS */;

INSERT INTO `tbl_detail_list_price` (`id_product`, `id_list_price`, `price`, `created`)
VALUES
	('02010002','Standard:',102,'2019-11-09 18:57:46'),
	('02010006','1',16.49,'2017-10-02 16:16:26'),
	('02010006','3',14.54,'2017-10-02 16:16:26'),
	('02010006','4',14.99,'2017-10-02 16:16:26'),
	('02010006','5',14.54,'2017-10-02 16:16:26'),
	('02010006','C',11.99,'2017-10-02 16:16:26'),
	('02010006','M',14.54,'2017-10-02 16:16:26'),
	('02010006','R',14.54,'2017-10-02 16:16:26'),
	('02010006','Standard:',14.99,'2017-10-02 16:16:26'),
	('02010007','1',10.35,'2017-10-02 16:16:26'),
	('02010007','3',9.13,'2017-10-02 16:16:26'),
	('02010007','4',9.41,'2017-10-02 16:16:26'),
	('02010007','5',9.13,'2017-10-02 16:16:26'),
	('02010007','C',7.53,'2017-10-02 16:16:26'),
	('02010007','M',9.13,'2017-10-02 16:16:26'),
	('02010007','R',9.13,'2017-10-02 16:16:26'),
	('02010007','Standard:',9.41,'2017-10-02 16:16:26'),
	('02010022','1',18.14,'2017-10-02 16:16:26'),
	('02010022','3',16,'2017-10-02 16:16:26'),
	('02010022','4',16.49,'2017-10-02 16:16:26'),
	('02010022','5',16,'2017-10-02 16:16:26'),
	('02010022','C',13.19,'2017-10-02 16:16:26'),
	('02010022','M',16,'2017-10-02 16:16:26'),
	('02010022','R',16,'2017-10-02 16:16:26'),
	('02010022','Standard:',16.49,'2017-10-02 16:16:26'),
	('02010024','1',11.74,'2017-10-02 16:16:26'),
	('02010024','3',10.35,'2017-10-02 16:16:26'),
	('02010024','4',10.67,'2017-10-02 16:16:26'),
	('02010024','5',10.35,'2017-10-02 16:16:26'),
	('02010024','C',8.54,'2017-10-02 16:16:26'),
	('02010024','M',10.35,'2017-10-02 16:16:26'),
	('02010024','R',10.35,'2017-10-02 16:16:26'),
	('02010024','Standard:',10.67,'2017-10-02 16:16:26');

/*!40000 ALTER TABLE `tbl_detail_list_price` ENABLE KEYS */;
UNLOCK TABLES;


# Dump of table tbl_detail_list_price_tmp
# ------------------------------------------------------------

DROP TABLE IF EXISTS `tbl_detail_list_price_tmp`;

CREATE TABLE `tbl_detail_list_price_tmp` (
  `id_product` varchar(24) NOT NULL,
  `id_list_price` varchar(150) NOT NULL,
  `price` float NOT NULL,
  `created` timestamp NOT NULL DEFAULT CURRENT_TIMESTAMP ON UPDATE CURRENT_TIMESTAMP,
  PRIMARY KEY (`id_product`,`id_list_price`),
  KEY `fk_list_price` (`id_list_price`)
) ENGINE=InnoDB DEFAULT CHARSET=latin1;



# Dump of table tbl_detail_order
# ------------------------------------------------------------

DROP TABLE IF EXISTS `tbl_detail_order`;

CREATE TABLE `tbl_detail_order` (
  `id` int(11) NOT NULL AUTO_INCREMENT,
  `id_order` int(11) NOT NULL,
  `id_product` varchar(8) NOT NULL DEFAULT '',
  `amount` decimal(10,0) NOT NULL,
  `created` timestamp NOT NULL DEFAULT CURRENT_TIMESTAMP ON UPDATE CURRENT_TIMESTAMP,
  `modified` timestamp NOT NULL DEFAULT '0000-00-00 00:00:00',
  PRIMARY KEY (`id`),
  KEY `id_order` (`id_order`),
  KEY `id_product` (`id_product`),
  CONSTRAINT `fk_order_detail_order` FOREIGN KEY (`id_order`) REFERENCES `tbl_order` (`id`) ON DELETE CASCADE ON UPDATE CASCADE,
  CONSTRAINT `fk_product_detail_order` FOREIGN KEY (`id_product`) REFERENCES `tbl_product` (`code`) ON DELETE CASCADE ON UPDATE CASCADE
) ENGINE=InnoDB DEFAULT CHARSET=latin1;

LOCK TABLES `tbl_detail_order` WRITE;
/*!40000 ALTER TABLE `tbl_detail_order` DISABLE KEYS */;

INSERT INTO `tbl_detail_order` (`id`, `id_order`, `id_product`, `amount`, `created`, `modified`)
VALUES
	(121,46,'02010024',1,'2019-11-09 20:44:24','2019-11-09 20:44:24'),
	(122,46,'02010002',10,'2019-11-09 20:44:24','2019-11-09 20:44:24'),
	(123,47,'02010024',5,'2019-11-09 20:45:15','2019-11-09 20:45:15'),
	(124,47,'02010002',15,'2019-11-09 20:45:15','2019-11-09 20:45:15');

/*!40000 ALTER TABLE `tbl_detail_order` ENABLE KEYS */;
UNLOCK TABLES;


# Dump of table tbl_family
# ------------------------------------------------------------

DROP TABLE IF EXISTS `tbl_family`;

CREATE TABLE `tbl_family` (
  `code` varchar(4) NOT NULL DEFAULT '',
  `id_brand` varchar(2) NOT NULL DEFAULT '',
  `name` varchar(765) NOT NULL,
  `description` text,
  `created` timestamp NOT NULL DEFAULT CURRENT_TIMESTAMP ON UPDATE CURRENT_TIMESTAMP,
  `modified` timestamp NOT NULL DEFAULT '0000-00-00 00:00:00',
  `img` varchar(200) DEFAULT NULL,
  PRIMARY KEY (`code`),
  KEY `fk_brand` (`id_brand`),
  CONSTRAINT `fk_brand_family` FOREIGN KEY (`id_brand`) REFERENCES `tbl_brand` (`code`) ON DELETE CASCADE ON UPDATE CASCADE
) ENGINE=InnoDB DEFAULT CHARSET=latin1;

LOCK TABLES `tbl_family` WRITE;
/*!40000 ALTER TABLE `tbl_family` DISABLE KEYS */;

INSERT INTO `tbl_family` (`code`, `id_brand`, `name`, `description`, `created`, `modified`, `img`)
VALUES
	('0200','02','G400','','2019-11-09 18:31:55','2018-05-09 09:36:18',''),
	('0201','02','G500','DESCRIPCION LINE TEST','2019-11-09 18:31:52','2018-04-16 10:48:41','images/products/0201_default.jpg'),
	('0205','02','G600','DESCRIPCION LINE TEST','2019-11-09 18:05:14','2017-08-31 11:39:01','images/products/0205_default.jpg'),
	('0206','02','G200','DESCRIPCION LINE TEST','2019-11-09 18:05:24','2018-05-23 13:20:09',''),
	('0207','02','M','DESCRIPCION LINE TEST','2019-11-09 18:05:42','2017-09-27 16:12:53','images/products/0207_default.jpg');

/*!40000 ALTER TABLE `tbl_family` ENABLE KEYS */;
UNLOCK TABLES;


# Dump of table tbl_faq
# ------------------------------------------------------------

DROP TABLE IF EXISTS `tbl_faq`;

CREATE TABLE `tbl_faq` (
  `id` int(11) NOT NULL AUTO_INCREMENT,
  `question` varchar(765) NOT NULL,
  `answer` text NOT NULL,
  `created` timestamp NOT NULL DEFAULT CURRENT_TIMESTAMP ON UPDATE CURRENT_TIMESTAMP,
  `modified` timestamp NOT NULL DEFAULT '0000-00-00 00:00:00',
  PRIMARY KEY (`id`)
) ENGINE=InnoDB DEFAULT CHARSET=latin1;

LOCK TABLES `tbl_faq` WRITE;
/*!40000 ALTER TABLE `tbl_faq` DISABLE KEYS */;

INSERT INTO `tbl_faq` (`id`, `question`, `answer`, `created`, `modified`)
VALUES
	(1,'pregunta # 1 2','Lorem ipsum dolor sit amet, consectetur adipiscing elit, sed do eiusmod tempor incididunt ut labore et dolore magna aliqua. Ut enim ad minim veniam, quis nostrud exercitation ullamco laboris nisi ut aliquip ex ea commodo consequat. Duis aute irure dolor in reprehenderit in voluptate velit esse cillum dolore eu fugiat nulla pariatur. ','2019-11-09 20:55:06','2019-11-09 20:55:06'),
	(2,'pregunta # 2','Es un hecho establecido hace demasiado tiempo que un lector se distraerá con el contenido del texto de un sitio mientras que mira su diseño. El punto de usar Lorem Ipsum es que tiene una distribución más o menos normal de las letras, al contrario de usar textos como por ejemplo \"Contenido aquí, contenido aquí\". Estos textos hacen parecerlo un español que se puede leer. Muchos paquetes de autoedición y editores de páginas web usan el Lorem Ipsum como su texto por defecto, y al hacer una búsqueda de \"Lorem Ipsum\" va a dar por resultado muchos sitios web que usan este texto si se encuentran en estado de desarrollo. Muchas versiones han evolucionado a través de los años, algunas veces por accidente, otras veces a propósito (por ejemplo insertándole humor y co','2017-06-29 16:07:36','2017-06-29 16:07:36'),
	(3,'Pregunta # 3','Sección 1.10.33 de \"de Finibus Bonorum et Malorum\", escrito por Cicero en el 45 antes de Cristo\r\n\r\n\"At vero eos et accusamus et iusto odio dignissimos ducimus qui blanditiis praesentium voluptatum deleniti atque corrupti quos dolores et quas molestias excepturi sint occaecati cupiditate non provident, similique sunt in culpa qui officia deserunt mollitia animi, id est laborum et dolorum fuga. Et harum quidem rerum facilis est et expedita distinctio. Nam libero tempore, cum soluta nobis est eligendi optio cumque nihil impedit quo minus id quod maxime placeat facere possimus, omnis voluptas assumenda est, omnis dolor repellendus. Temporibus autem quibusdam et aut officiis debitis aut rerum necessitatibus saepe eveniet ut et voluptates repudiandae sint et molestiae non recusandae. Itaque earum rerum hic tenetur a sapiente delectus, ut aut reiciendis voluptatibus maiores alias consequatur aut perferendis doloribus asperiores repellat.\"\r\nTraducción hecha por H. Rackham en 1914\r\n\r\n\"On the other hand, we denounce with righteous indignation and dislike men who are so beguiled and demoralized by the charms of pleasure of the moment, so blinded by desire, that they cannot foresee the pain and trouble that are bound to ensue; and equal blame belongs to those who fail in their duty through weakness of will, which is the same as saying through shrinking from toil and pain. These cases are perfectly simple and easy to distinguish. In a free hour, when our power of choice is untrammelled and when nothing prevents our being able to do what we like best, every pleasure is to be welcomed and every pain avoided. But in certain circumstances and owing to the claims of duty or the obligations of business it will frequently occur that pleasures have to be repudiated and annoyances accepted. The wise man therefore always holds in these matters to this principle of selection: he rejects pleasures to secure other greater pleasures, or else he endures pains to avoid worse pains.\"','2017-06-29 16:10:59','2017-06-29 16:10:59'),
	(4,'Pregunta #4','algo','2017-07-04 20:19:02','2017-07-04 20:19:02'),
	(5,'Pregunta 6','Hola lalalallalalalalalala','2018-08-15 16:32:25','2018-08-15 16:32:25');

/*!40000 ALTER TABLE `tbl_faq` ENABLE KEYS */;
UNLOCK TABLES;


# Dump of table tbl_file_upload
# ------------------------------------------------------------

DROP TABLE IF EXISTS `tbl_file_upload`;

CREATE TABLE `tbl_file_upload` (
  `hash` varchar(500) NOT NULL,
  `name` varchar(765) NOT NULL,
  `type` enum('LIST_PRICE','PRODUCT','BRAND','FAMILY','OTHER') NOT NULL,
  `created` timestamp NOT NULL DEFAULT CURRENT_TIMESTAMP ON UPDATE CURRENT_TIMESTAMP,
  `records` int(11) NOT NULL,
  `records_updated` int(11) NOT NULL,
  PRIMARY KEY (`hash`)
) ENGINE=InnoDB DEFAULT CHARSET=latin1;



# Dump of table tbl_list_price
# ------------------------------------------------------------

DROP TABLE IF EXISTS `tbl_list_price`;

CREATE TABLE `tbl_list_price` (
  `name` varchar(150) NOT NULL,
  `created` timestamp NOT NULL DEFAULT CURRENT_TIMESTAMP ON UPDATE CURRENT_TIMESTAMP,
  `modified` timestamp NOT NULL DEFAULT '0000-00-00 00:00:00',
  PRIMARY KEY (`name`)
) ENGINE=InnoDB DEFAULT CHARSET=latin1;

LOCK TABLES `tbl_list_price` WRITE;
/*!40000 ALTER TABLE `tbl_list_price` DISABLE KEYS */;

INSERT INTO `tbl_list_price` (`name`, `created`, `modified`)
VALUES
	('1','2017-09-28 10:33:37','2017-09-28 10:33:37'),
	('3','2017-09-28 10:33:44','2017-09-28 10:33:44'),
	('4','2017-09-28 10:33:48','2017-09-28 10:33:48'),
	('5','2017-09-28 10:33:53','2017-09-28 10:33:53'),
	('C','2017-09-28 10:34:00','2017-09-28 10:34:00'),
	('M','2017-09-28 10:34:04','2017-09-28 10:34:04'),
	('R','2017-09-28 10:34:11','2017-09-28 10:34:11'),
	('Standard:','2017-06-29 11:06:55','2017-06-29 11:06:55');

/*!40000 ALTER TABLE `tbl_list_price` ENABLE KEYS */;
UNLOCK TABLES;


# Dump of table tbl_log_login
# ------------------------------------------------------------

DROP TABLE IF EXISTS `tbl_log_login`;

CREATE TABLE `tbl_log_login` (
  `id` int(11) NOT NULL AUTO_INCREMENT,
  `id_user` int(11) NOT NULL,
  `created` timestamp NOT NULL DEFAULT CURRENT_TIMESTAMP ON UPDATE CURRENT_TIMESTAMP,
  PRIMARY KEY (`id`),
  KEY `id_user` (`id_user`),
  CONSTRAINT `fk_user_log_login` FOREIGN KEY (`id_user`) REFERENCES `adm_user` (`id`) ON DELETE CASCADE ON UPDATE CASCADE
) ENGINE=InnoDB DEFAULT CHARSET=latin1;

LOCK TABLES `tbl_log_login` WRITE;
/*!40000 ALTER TABLE `tbl_log_login` DISABLE KEYS */;

INSERT INTO `tbl_log_login` (`id`, `id_user`, `created`)
VALUES
	(18,1,'2017-06-29 15:21:55'),
	(20,1,'2017-06-29 16:44:43'),
	(25,1,'2017-06-30 09:34:39'),
	(26,1,'2017-06-30 13:42:56'),
	(27,1,'2017-06-30 14:14:18'),
	(28,1,'2017-06-30 16:52:19'),
	(29,1,'2017-06-30 17:30:43'),
	(30,1,'2017-07-04 09:33:01'),
	(32,1,'2017-07-04 14:16:17'),
	(33,1,'2017-07-04 19:11:55'),
	(35,1,'2017-07-04 19:15:41'),
	(38,1,'2017-07-04 20:27:06'),
	(41,1,'2017-07-04 21:38:28'),
	(131,1,'2017-08-09 14:31:39'),
	(162,1,'2017-08-17 16:22:24'),
	(535,1,'2019-11-07 18:25:56'),
	(536,1,'2019-11-09 18:13:31'),
	(537,1,'2019-11-09 18:38:39'),
	(538,1,'2019-11-09 19:04:34'),
	(539,1,'2019-11-09 19:09:55'),
	(540,1,'2019-11-09 19:10:52'),
	(541,1,'2019-11-09 20:37:06'),
	(542,1,'2019-11-09 20:48:40');

/*!40000 ALTER TABLE `tbl_log_login` ENABLE KEYS */;
UNLOCK TABLES;


# Dump of table tbl_news_promotion
# ------------------------------------------------------------

DROP TABLE IF EXISTS `tbl_news_promotion`;

CREATE TABLE `tbl_news_promotion` (
  `id` int(11) NOT NULL AUTO_INCREMENT,
  `title` varchar(765) NOT NULL,
  `short_description` varchar(765) NOT NULL,
  `url` int(11) NOT NULL,
  `long_description` varchar(765) NOT NULL,
  `start_date` date NOT NULL,
  `end_date` date NOT NULL,
  `main_img` varchar(765) NOT NULL,
  `second_img` varchar(765) NOT NULL,
  `created` timestamp NOT NULL DEFAULT CURRENT_TIMESTAMP ON UPDATE CURRENT_TIMESTAMP,
  `modified` timestamp NOT NULL DEFAULT '0000-00-00 00:00:00',
  PRIMARY KEY (`id`)
) ENGINE=InnoDB DEFAULT CHARSET=latin1;



# Dump of table tbl_order
# ------------------------------------------------------------

DROP TABLE IF EXISTS `tbl_order`;

CREATE TABLE `tbl_order` (
  `id` int(11) NOT NULL AUTO_INCREMENT,
  `id_user` int(11) NOT NULL,
  `status` enum('PENDING','OK','CANCEL') DEFAULT NULL,
  `shipping_way` varchar(50) NOT NULL DEFAULT '',
  `purchase_order` varchar(50) DEFAULT NULL,
  `shipping_name` varchar(70) DEFAULT NULL,
  `notes` text,
  `created` timestamp NOT NULL DEFAULT CURRENT_TIMESTAMP ON UPDATE CURRENT_TIMESTAMP,
  PRIMARY KEY (`id`),
  KEY `id_user` (`id_user`),
  CONSTRAINT `fk_user_order` FOREIGN KEY (`id_user`) REFERENCES `adm_user` (`id`) ON DELETE CASCADE ON UPDATE CASCADE
) ENGINE=InnoDB DEFAULT CHARSET=latin1;

LOCK TABLES `tbl_order` WRITE;
/*!40000 ALTER TABLE `tbl_order` DISABLE KEYS */;

INSERT INTO `tbl_order` (`id`, `id_user`, `status`, `shipping_way`, `purchase_order`, `shipping_name`, `notes`, `created`)
VALUES
	(46,1,'PENDING','Local','43153451','servientrega','entregar para ','2019-11-09 20:44:24'),
	(47,1,'PENDING','Local','43153451','servientrega','jhhkbjh','2019-11-09 20:45:15');

/*!40000 ALTER TABLE `tbl_order` ENABLE KEYS */;
UNLOCK TABLES;


# Dump of table tbl_product
# ------------------------------------------------------------

DROP TABLE IF EXISTS `tbl_product`;

CREATE TABLE `tbl_product` (
  `code` varchar(24) NOT NULL,
  `id_family` varchar(12) NOT NULL,
  `type_product` varchar(765) NOT NULL,
  `product_series` text,
  `models` text,
  `presentation` varchar(765) NOT NULL,
  `per_master` int(11) DEFAULT NULL,
  `weight` varchar(765) DEFAULT NULL,
  `active` tinyint(1) NOT NULL,
  `price_suggested` float DEFAULT NULL,
  `img` varchar(765) NOT NULL,
  `created` timestamp NOT NULL DEFAULT CURRENT_TIMESTAMP ON UPDATE CURRENT_TIMESTAMP,
  `modified` timestamp NOT NULL DEFAULT '0000-00-00 00:00:00',
  `status` enum('N','D','L','PM','NA') NOT NULL DEFAULT 'NA',
  PRIMARY KEY (`code`),
  KEY `fk_family_products` (`id_family`),
  CONSTRAINT `fk_family_products` FOREIGN KEY (`id_family`) REFERENCES `tbl_family` (`code`) ON DELETE CASCADE ON UPDATE CASCADE
) ENGINE=InnoDB DEFAULT CHARSET=latin1;

LOCK TABLES `tbl_product` WRITE;
/*!40000 ALTER TABLE `tbl_product` DISABLE KEYS */;

INSERT INTO `tbl_product` (`code`, `id_family`, `type_product`, `product_series`, `models`, `presentation`, `per_master`, `weight`, `active`, `price_suggested`, `img`, `created`, `modified`, `status`)
VALUES
	('02010002','0201','Headset','G 533','WIRELESS','CAJA',1,'872',1,103.2,'02010002.jpg','2019-11-09 18:58:38','2019-02-01 00:00:00','D'),
	('02010006','0201','Mouse','G502','STANDARD','CAJA',1,'1500',1,14.99,'02010006.jpg','2019-11-09 18:31:37','2018-02-19 14:46:37','NA'),
	('02010007','0201','Mouse','G502 HERO','HERO','CAJA',9,'1000',1,9.41,'02010007.jpg','2019-11-09 18:31:38','2018-02-19 14:47:00','NA'),
	('02010022','0201','Teclado','G 513','CARBON','CAJA',1,'1650',1,16.49,'02010022.jpg','2019-11-09 18:31:41','2018-02-14 16:32:48','NA'),
	('02010024','0201','Mouse','G 504','G PRO','CAJA',1,'795',1,10.67,'02010024.jpg','2019-11-09 18:33:51','0000-00-00 00:00:00','N');

/*!40000 ALTER TABLE `tbl_product` ENABLE KEYS */;
UNLOCK TABLES;


# Dump of table tbl_promotion
# ------------------------------------------------------------

DROP TABLE IF EXISTS `tbl_promotion`;

CREATE TABLE `tbl_promotion` (
  `id` int(11) NOT NULL AUTO_INCREMENT,
  `name` varchar(765) NOT NULL,
  `section` varchar(765) NOT NULL,
  `created` timestamp NOT NULL DEFAULT CURRENT_TIMESTAMP ON UPDATE CURRENT_TIMESTAMP,
  PRIMARY KEY (`id`)
) ENGINE=InnoDB DEFAULT CHARSET=latin1;

LOCK TABLES `tbl_promotion` WRITE;
/*!40000 ALTER TABLE `tbl_promotion` DISABLE KEYS */;

INSERT INTO `tbl_promotion` (`id`, `name`, `section`, `created`)
VALUES
	(1,'principal','section1','2017-06-28 10:32:38'),
	(2,'Activaciones 2018','section2','2018-01-29 17:08:28'),
	(3,'productos liquidacion','section3','2017-06-28 10:33:21'),
	(4,'productos disponibles','section4','2018-08-15 14:33:52'),
	(5,'.','section5','2018-02-19 16:13:02');

/*!40000 ALTER TABLE `tbl_promotion` ENABLE KEYS */;
UNLOCK TABLES;


# Dump of table tbl_promotion_slide
# ------------------------------------------------------------

DROP TABLE IF EXISTS `tbl_promotion_slide`;

CREATE TABLE `tbl_promotion_slide` (
  `id` int(11) NOT NULL AUTO_INCREMENT,
  `id_promotion` int(11) NOT NULL,
  `img_desktop` varchar(450) NOT NULL,
  `img_mobile` varchar(450) NOT NULL,
  `cta` varchar(765) NOT NULL,
  `created` timestamp NOT NULL DEFAULT CURRENT_TIMESTAMP ON UPDATE CURRENT_TIMESTAMP,
  PRIMARY KEY (`id`),
  KEY `id_promotion` (`id_promotion`),
  CONSTRAINT `fk_promotion` FOREIGN KEY (`id_promotion`) REFERENCES `tbl_promotion` (`id`) ON DELETE CASCADE ON UPDATE CASCADE
) ENGINE=InnoDB DEFAULT CHARSET=latin1;

LOCK TABLES `tbl_promotion_slide` WRITE;
/*!40000 ALTER TABLE `tbl_promotion_slide` DISABLE KEYS */;

INSERT INTO `tbl_promotion_slide` (`id`, `id_promotion`, `img_desktop`, `img_mobile`, `cta`, `created`)
VALUES
	(58,3,'/files/sliders/desktop/3_d_0_2017-07-27_04:55:17.jpg','/files/sliders/mobile/3_m_0_2017-07-27_04:55:17.jpg','https://www.usa.canon.com/internet/portal/us/home/explore/product-showcases/supplies/','2017-07-27 13:30:43'),
	(59,3,'/files/sliders/desktop/3_d_1_2017-07-27_04:55:17.jpg','/files/sliders/mobile/3_m_1_2017-07-27_04:55:17.jpg','http://www.globaltek.com/premium-laser-toner-cartridge/','2017-07-27 13:30:43'),
	(60,3,'/files/sliders/desktop/3_d_2_2017-07-27_04:55:17.jpg','/files/sliders/mobile/3_m_2_2017-07-27_04:55:17.jpg','http://www.sharp-world.com/products/copier/','2017-07-27 13:30:43'),
	(67,4,'/files/sliders/desktop/4_d_0_2017-06-29_08:31:05.jpg','/files/sliders/mobile/4_m_0_2017-06-29_08:31:05.jpg','http://www.globaltek.com/premium-laser-toner-cartridge/','2017-08-10 13:53:31'),
	(68,4,'/files/sliders/desktop/4_d_1_2017-06-29_08:31:05.jpg','/files/sliders/mobile/4_m_1_2017-06-29_08:31:05.jpg','http://www.globaltek.com/premium-laser-toner-cartridge/','2017-08-10 13:53:31'),
	(69,4,'/files/sliders/desktop/4_d_2_2017-06-29_08:31:05.jpg','/files/sliders/mobile/4_m_2_2017-06-29_08:31:05.jpg','http://www.globaltek.com/premium-laser-toner-cartridge/','2017-08-10 13:53:31'),
	(70,4,'/files/sliders/desktop/4_d_3_2017-08-10_05:53:31.jpg','/files/sliders/mobile/4_m_3_2017-08-10_05:53:31.jpg','http://www.globaltek.com/premium-laser-toner-cartridge/','2017-08-10 13:53:31'),
	(78,2,'/files/sliders/desktop/2_d_0_2018-01-29_10:38:20.jpg','/files/sliders/mobile/2_m_0_2018-01-29_10:38:20.jpg','','2018-01-29 17:45:13'),
	(79,1,'/files/sliders/desktop/1_d_0_2018-02-19_07:25:19.jpg','/files/sliders/mobile/1_m_0_2018-02-19_07:25:19.jpg','','2018-02-19 14:25:19'),
	(80,1,'/files/sliders/desktop/1_d_1_2018-02-19_07:25:19.jpg','/files/sliders/mobile/1_m_1_2018-02-19_07:25:19.jpg','','2018-02-19 14:25:20'),
	(81,1,'/files/sliders/desktop/1_d_2_2018-02-19_07:25:20.jpg','/files/sliders/mobile/1_m_2_2018-02-19_07:25:20.jpg','','2018-02-19 14:25:20');

/*!40000 ALTER TABLE `tbl_promotion_slide` ENABLE KEYS */;
UNLOCK TABLES;


# Dump of table tbl_recovery_password
# ------------------------------------------------------------

DROP TABLE IF EXISTS `tbl_recovery_password`;

CREATE TABLE `tbl_recovery_password` (
  `id` int(11) unsigned NOT NULL AUTO_INCREMENT,
  `user_id` int(11) unsigned NOT NULL,
  `password` varchar(11) NOT NULL DEFAULT '',
  `active` tinyint(1) NOT NULL,
  `created` timestamp NOT NULL DEFAULT CURRENT_TIMESTAMP,
  PRIMARY KEY (`id`)
) ENGINE=InnoDB DEFAULT CHARSET=latin1;

LOCK TABLES `tbl_recovery_password` WRITE;
/*!40000 ALTER TABLE `tbl_recovery_password` DISABLE KEYS */;

INSERT INTO `tbl_recovery_password` (`id`, `user_id`, `password`, `active`, `created`)
VALUES
	(1,30,'n5KGIFwl1R',0,'2018-01-25 10:59:20'),
	(2,29,'AkdNmGwYbY',0,'2018-01-29 14:07:27'),
	(3,30,'JFZWoUT3dB',0,'2018-01-31 16:14:44'),
	(4,61,'q2b7zemVff',1,'2018-02-15 11:09:26'),
	(5,68,'rBAiUZtZUK',1,'2018-02-25 09:28:41'),
	(6,68,'Fn7saTE3wT',1,'2018-02-25 09:42:17'),
	(7,68,'M6kV1t71OQ',1,'2018-02-25 09:42:22'),
	(8,31,'agYwBiEvso',0,'2018-02-26 11:10:44'),
	(9,31,'KVQeJFMlO0',0,'2018-02-26 17:43:28'),
	(10,31,'BJ3HPLeJIR',0,'2018-02-26 17:43:41'),
	(11,68,'EGuoZIMXGQ',1,'2018-02-27 22:41:53'),
	(12,31,'W81OQ2rau4',0,'2018-03-02 16:47:14'),
	(13,68,'u2xbun6fij',1,'2018-05-14 10:37:14');

/*!40000 ALTER TABLE `tbl_recovery_password` ENABLE KEYS */;
UNLOCK TABLES;


# Dump of table tbl_report
# ------------------------------------------------------------

DROP TABLE IF EXISTS `tbl_report`;

CREATE TABLE `tbl_report` (
  `id` int(11) NOT NULL AUTO_INCREMENT,
  `hashFile` varchar(500) NOT NULL,
  `motivo` text NOT NULL,
  `created` timestamp NOT NULL DEFAULT CURRENT_TIMESTAMP,
  PRIMARY KEY (`id`),
  KEY `fk_file_upload` (`hashFile`),
  CONSTRAINT `fk_file_upload` FOREIGN KEY (`hashFile`) REFERENCES `tbl_file_upload` (`hash`) ON DELETE CASCADE ON UPDATE CASCADE
) ENGINE=InnoDB DEFAULT CHARSET=latin1;



# Dump of table tbl_report_cross
# ------------------------------------------------------------

DROP TABLE IF EXISTS `tbl_report_cross`;

CREATE TABLE `tbl_report_cross` (
  `id` int(11) unsigned NOT NULL AUTO_INCREMENT,
  `motivo` text,
  `product` varchar(8) NOT NULL DEFAULT '',
  PRIMARY KEY (`id`)
) ENGINE=InnoDB DEFAULT CHARSET=latin1;

LOCK TABLES `tbl_report_cross` WRITE;
/*!40000 ALTER TABLE `tbl_report_cross` DISABLE KEYS */;

INSERT INTO `tbl_report_cross` (`id`, `motivo`, `product`)
VALUES
	(1245,'NO EXISTE EL PRODUCTO RELACIONADO 0','0\n'),
	(1246,'NO EXISTE EL PRODUCTO RELACIONADO 03010983','0\n'),
	(1247,'NO EXISTE EL PRODUCTO RELACIONADO 03010984','0\n'),
	(1248,'NO EXISTE EL PRODUCTO RELACIONADO 03010985','0\n'),
	(1249,'NO EXISTE EL PRODUCTO RELACIONADO 03010986','0\n'),
	(1250,'NO EXISTE EL PRODUCTO RELACIONADO 03010987','0\n'),
	(1251,'NO EXISTE EL PRODUCTO RELACIONADO 03010988','0\n'),
	(1252,'NO EXISTE EL PRODUCTO RELACIONADO 03010989','0\n'),
	(1253,'NO EXISTE EL PRODUCTO RELACIONADO 03010990','0\n'),
	(1254,'NO EXISTE EL PRODUCTO RELACIONADO 04010975','0\n'),
	(1255,'NO EXISTE EL PRODUCTO RELACIONADO 04010976','0\n'),
	(1256,'NO EXISTE EL PRODUCTO RELACIONADO 04010977','0\n'),
	(1257,'NO EXISTE EL PRODUCTO RELACIONADO 04010978','0\n'),
	(1258,'NO EXISTE EL PRODUCTO RELACIONADO 04010979','0\n'),
	(1259,'NO EXISTE EL PRODUCTO RELACIONADO 04010980','0\n'),
	(1260,'NO EXISTE EL PRODUCTO RELACIONADO 04010982','0\n'),
	(1261,'NO EXISTE EL PRODUCTO RELACIONADO 02120670','02010353'),
	(1262,'NO EXISTE EL PRODUCTO RELACIONADO 03060713','03010532'),
	(1263,'NO EXISTE EL PRODUCTO RELACIONADO 03060713','03010533'),
	(1264,'NO EXISTE EL PRODUCTO RELACIONADO 03060713','03010534'),
	(1265,'NO EXISTE EL PRODUCTO RELACIONADO 03060713','03010535'),
	(1266,'NO EXISTE EL PRODUCTO 03010983','03010983'),
	(1267,'NO EXISTE EL PRODUCTO 03010983','03010983'),
	(1268,'NO EXISTE EL PRODUCTO 03010983','03010983'),
	(1269,'NO EXISTE EL PRODUCTO 03010983','03010983'),
	(1270,'NO EXISTE EL PRODUCTO 03010983','03010983'),
	(1271,'NO EXISTE EL PRODUCTO 03010983','03010983'),
	(1272,'NO EXISTE EL PRODUCTO 03010984','03010984'),
	(1273,'NO EXISTE EL PRODUCTO 03010984','03010984'),
	(1274,'NO EXISTE EL PRODUCTO 03010984','03010984'),
	(1275,'NO EXISTE EL PRODUCTO 03010984','03010984'),
	(1276,'NO EXISTE EL PRODUCTO 03010984','03010984'),
	(1277,'NO EXISTE EL PRODUCTO 03010984','03010984'),
	(1278,'NO EXISTE EL PRODUCTO 03010985','03010985'),
	(1279,'NO EXISTE EL PRODUCTO 03010985','03010985'),
	(1280,'NO EXISTE EL PRODUCTO 03010985','03010985'),
	(1281,'NO EXISTE EL PRODUCTO 03010985','03010985'),
	(1282,'NO EXISTE EL PRODUCTO 03010985','03010985'),
	(1283,'NO EXISTE EL PRODUCTO 03010985','03010985'),
	(1284,'NO EXISTE EL PRODUCTO 03010986','03010986'),
	(1285,'NO EXISTE EL PRODUCTO 03010986','03010986'),
	(1286,'NO EXISTE EL PRODUCTO 03010986','03010986'),
	(1287,'NO EXISTE EL PRODUCTO 03010986','03010986'),
	(1288,'NO EXISTE EL PRODUCTO 03010986','03010986'),
	(1289,'NO EXISTE EL PRODUCTO 03010986','03010986'),
	(1290,'NO EXISTE EL PRODUCTO 03010987','03010987'),
	(1291,'NO EXISTE EL PRODUCTO 03010987','03010987'),
	(1292,'NO EXISTE EL PRODUCTO 03010987','03010987'),
	(1293,'NO EXISTE EL PRODUCTO 03010987','03010987'),
	(1294,'NO EXISTE EL PRODUCTO 03010987','03010987'),
	(1295,'NO EXISTE EL PRODUCTO 03010987','03010987'),
	(1296,'NO EXISTE EL PRODUCTO 03010987','03010987'),
	(1297,'NO EXISTE EL PRODUCTO 03010987','03010987'),
	(1298,'NO EXISTE EL PRODUCTO 03010987','03010987'),
	(1299,'NO EXISTE EL PRODUCTO 03010987','03010987'),
	(1300,'NO EXISTE EL PRODUCTO 03010988','03010988'),
	(1301,'NO EXISTE EL PRODUCTO 03010988','03010988'),
	(1302,'NO EXISTE EL PRODUCTO 03010988','03010988'),
	(1303,'NO EXISTE EL PRODUCTO 03010988','03010988'),
	(1304,'NO EXISTE EL PRODUCTO 03010988','03010988'),
	(1305,'NO EXISTE EL PRODUCTO 03010988','03010988'),
	(1306,'NO EXISTE EL PRODUCTO 03010988','03010988'),
	(1307,'NO EXISTE EL PRODUCTO 03010988','03010988'),
	(1308,'NO EXISTE EL PRODUCTO 03010988','03010988'),
	(1309,'NO EXISTE EL PRODUCTO 03010988','03010988'),
	(1310,'NO EXISTE EL PRODUCTO 03010989','03010989'),
	(1311,'NO EXISTE EL PRODUCTO 03010989','03010989'),
	(1312,'NO EXISTE EL PRODUCTO 03010989','03010989'),
	(1313,'NO EXISTE EL PRODUCTO 03010989','03010989'),
	(1314,'NO EXISTE EL PRODUCTO 03010989','03010989'),
	(1315,'NO EXISTE EL PRODUCTO 03010989','03010989'),
	(1316,'NO EXISTE EL PRODUCTO 03010989','03010989'),
	(1317,'NO EXISTE EL PRODUCTO 03010989','03010989'),
	(1318,'NO EXISTE EL PRODUCTO 03010989','03010989'),
	(1319,'NO EXISTE EL PRODUCTO 03010989','03010989'),
	(1320,'NO EXISTE EL PRODUCTO 03010990','03010990'),
	(1321,'NO EXISTE EL PRODUCTO 03010990','03010990'),
	(1322,'NO EXISTE EL PRODUCTO 03010990','03010990'),
	(1323,'NO EXISTE EL PRODUCTO 03010990','03010990'),
	(1324,'NO EXISTE EL PRODUCTO 03010990','03010990'),
	(1325,'NO EXISTE EL PRODUCTO 03010990','03010990'),
	(1326,'NO EXISTE EL PRODUCTO 03010990','03010990'),
	(1327,'NO EXISTE EL PRODUCTO 03010990','03010990'),
	(1328,'NO EXISTE EL PRODUCTO 03010990','03010990'),
	(1329,'NO EXISTE EL PRODUCTO 03010990','03010990'),
	(1330,'NO EXISTE EL PRODUCTO 04010975','04010975'),
	(1331,'NO EXISTE EL PRODUCTO 04010976','04010976'),
	(1332,'NO EXISTE EL PRODUCTO 04010977','04010977'),
	(1333,'NO EXISTE EL PRODUCTO 04010978','04010978');

/*!40000 ALTER TABLE `tbl_report_cross` ENABLE KEYS */;
UNLOCK TABLES;


# Dump of table tbl_report_product
# ------------------------------------------------------------

DROP TABLE IF EXISTS `tbl_report_product`;

CREATE TABLE `tbl_report_product` (
  `id` int(11) unsigned NOT NULL AUTO_INCREMENT,
  `motivo` text,
  `codigo` varchar(8) NOT NULL DEFAULT '',
  PRIMARY KEY (`id`)
) ENGINE=InnoDB DEFAULT CHARSET=latin1;

LOCK TABLES `tbl_report_product` WRITE;
/*!40000 ALTER TABLE `tbl_report_product` DISABLE KEYS */;

INSERT INTO `tbl_report_product` (`id`, `motivo`, `codigo`)
VALUES
	(4861,'NO EXISTE LA LINEA 0','0');

/*!40000 ALTER TABLE `tbl_report_product` ENABLE KEYS */;
UNLOCK TABLES;


# Dump of table tbl_site_config
# ------------------------------------------------------------

DROP TABLE IF EXISTS `tbl_site_config`;

CREATE TABLE `tbl_site_config` (
  `id` int(11) NOT NULL AUTO_INCREMENT,
  `name` varchar(765) NOT NULL,
  `slug` varchar(765) NOT NULL,
  `cta1` varchar(450) NOT NULL,
  `slide1` varchar(765) NOT NULL,
  `slide_mobile1` varchar(765) NOT NULL,
  `cta2` varchar(450) NOT NULL,
  `slide2` varchar(765) NOT NULL,
  `slide_mobile2` varchar(765) NOT NULL,
  `cta3` varchar(450) NOT NULL,
  `slide3` varchar(765) NOT NULL,
  `body` text,
  `slide_mobile3` varchar(765) NOT NULL,
  `banner` varchar(765) NOT NULL,
  `banner_mobile` varchar(765) NOT NULL,
  `cta_banner` varchar(765) NOT NULL,
  `created` timestamp NOT NULL DEFAULT CURRENT_TIMESTAMP ON UPDATE CURRENT_TIMESTAMP,
  PRIMARY KEY (`id`)
) ENGINE=InnoDB DEFAULT CHARSET=latin1;

LOCK TABLES `tbl_site_config` WRITE;
/*!40000 ALTER TABLE `tbl_site_config` DISABLE KEYS */;

INSERT INTO `tbl_site_config` (`id`, `name`, `slug`, `cta1`, `slide1`, `slide_mobile1`, `cta2`, `slide2`, `slide_mobile2`, `cta3`, `slide3`, `body`, `slide_mobile3`, `banner`, `banner_mobile`, `cta_banner`, `created`)
VALUES
	(1,'Home','index','http://www.globaltek.com/premium-laser-toner-cartridge/','/files/sliders/desktop/1_d1_2019-11-09_11:50:02.jpg','/files/sliders/mobile/1_m1_2019-11-09_11:50:02.jpg','http://www.globaltek.com/en/image-2/','/files/sliders/desktop/1_d2_2019-11-09_11:50:02.jpg','/files/sliders/mobile/1_m2_2019-11-09_11:50:02.jpg','http://www.globaltek.com/used-copier-by-globaltek/','/files/sliders/desktop/1_d3_2019-11-09_11:50:02.jpg','','/files/sliders/mobile/1_m3_2019-11-09_11:50:02.jpg','/files/sliders/desktop/1_banner_2019-11-09_11:53:55.jpg','/files/sliders/mobile/1_banner_m_2019-11-09_11:53:55.jpg','http://www.globaltek.com/premium-laser-toner-cartridge/','2019-11-09 18:53:55'),
	(2,'Teminos y condiciones','terminos-condiciones','','','','','','','','','<h2 style=\"text-align: center;\"><strong>Términos y Condiciones de Uso</strong></h2><p>&nbsp;</p><p><strong>INFORMACIÓN RELEVANTE</strong></p><p>Es requisito necesario para la adquisición de los productos que se ofrecen en este sitio, que lea y acepte los siguientes Términos y Condiciones que a continuación se redactan. El uso de nuestros servicios así como la compra de nuestros productos implicará que usted ha leído y aceptado los Términos y Condiciones de Uso en el presente documento. Todas los productos &nbsp;que son ofrecidos por nuestro sitio web pudieran ser creadas, cobradas, enviadas o presentadas por una página web tercera y en tal caso estarían sujetas a sus propios Términos y Condiciones. En algunos casos, para adquirir un producto, será necesario el registro por parte del usuario, con ingreso de datos personales fidedignos y definición de una contraseña.</p><p>El usuario puede elegir y cambiar la clave para su acceso de administración de la cuenta en cualquier momento, en caso de que se haya registrado y que sea necesario para la compra de alguno de nuestros productos. globaltek.com no asume la responsabilidad en caso de que entregue dicha clave a terceros.</p><p>Todas las compras y transacciones que se lleven a cabo por medio de este sitio web, están sujetas a un proceso de confirmación y verificación, el cual podría incluir la verificación del stock y disponibilidad de producto, validación de la forma de pago, validación de la factura (en caso de existir) y el cumplimiento de las condiciones requeridas por el medio de pago seleccionado. En algunos casos puede que se requiera una verificación por medio de correo electrónico.</p><p>Los precios de los productos ofrecidos en esta Tienda Online es válido solamente en las compras realizadas en este sitio web.</p><p><strong>LICENCIA</strong></p><p>Globaltek&nbsp; a través de su sitio web concede una licencia para que los usuarios utilicen&nbsp; los productos que son vendidos en este sitio web de acuerdo a los Términos y Condiciones que se describen en este documento.</p><p><strong>USO NO AUTORIZADO</strong></p><p>En caso de que aplique (para venta de software, templetes, u otro producto de diseño y programación) usted no puede colocar uno de nuestros productos, modificado o sin modificar, en un CD, sitio web o ningún otro medio y ofrecerlos para la redistribución o la reventa de ningún tipo.</p><p><strong>PROPIEDAD</strong></p><p>Usted no puede declarar propiedad intelectual o exclusiva a ninguno de nuestros productos, modificado o sin modificar. Todos los productos son propiedad &nbsp;de los proveedores del contenido. En caso de que no se especifique lo contrario, nuestros productos se proporcionan&nbsp; sin ningún tipo de garantía, expresa o implícita. En ningún esta compañía será &nbsp;responsables de ningún daño incluyendo, pero no limitado a, daños directos, indirectos, especiales, fortuitos o consecuentes u otras pérdidas resultantes del uso o de la imposibilidad de utilizar nuestros productos.</p><p><strong>POLÍTICA DE REEMBOLSO Y GARANTÍA</strong></p><p>En el caso de productos que sean&nbsp; mercancías irrevocables no-tangibles, no realizamos reembolsos después de que se envíe el producto, usted tiene la responsabilidad de entender antes de comprarlo. &nbsp;Le pedimos que lea cuidadosamente antes de comprarlo. Hacemos solamente excepciones con esta regla cuando la descripción no se ajusta al producto. Hay algunos productos que pudieran tener garantía y posibilidad de reembolso pero este será especificado al comprar el producto. En tales casos la garantía solo cubrirá fallas de fábrica y sólo se hará efectiva cuando el producto se haya usado correctamente. La garantía no cubre averías o daños ocasionados por uso indebido. Los términos de la garantía están asociados a fallas de fabricación y funcionamiento en condiciones normales de los productos y sólo se harán efectivos estos términos si el equipo ha sido usado correctamente. Esto incluye:</p><p>? De acuerdo a las especificaciones técnicas indicadas para cada producto.<br>? En condiciones ambientales acorde con las especificaciones indicadas por el fabricante.<br>? En uso específico para la función con que fue diseñado de fábrica.<br>? En condiciones de operación eléctricas acorde con las especificaciones y tolerancias indicadas.</p><p><strong>COMPROBACIÓN ANTIFRAUDE</strong></p><p>La compra del cliente puede ser aplazada para la comprobación antifraude. También puede ser suspendida por más tiempo para una investigación más rigurosa, para evitar transacciones fraudulentas.</p><p><strong>PRIVACIDAD</strong></p><p>Este sitio web globaltek.com garantiza que la información personal que usted envía cuenta con la seguridad necesaria. Los datos ingresados por usuario o en el caso de requerir una validación de los pedidos no serán entregados a terceros, salvo que deba ser revelada en cumplimiento a una orden judicial o requerimientos legales.</p><p>La suscripción a boletines de correos electrónicos publicitarios es voluntaria y podría ser seleccionada al momento de crear su cuenta.</p><p>Globaltek reserva los derechos de cambiar o de modificar estos términos sin previo aviso.</p><p>Estas terminos y condiciones se han generado en&nbsp;<a href=\"https://terminosycondicionesdeusoejemplo.com/\" target=\"_blank\">terminosycondicionesdeusoejemplo.com</a>.</p>','','','','','2017-07-27 15:23:03');

/*!40000 ALTER TABLE `tbl_site_config` ENABLE KEYS */;
UNLOCK TABLES;


# Dump of table tbl_site_config_slide
# ------------------------------------------------------------

DROP TABLE IF EXISTS `tbl_site_config_slide`;

CREATE TABLE `tbl_site_config_slide` (
  `id` int(11) NOT NULL AUTO_INCREMENT,
  `id_site` int(11) NOT NULL,
  `img_desktop` varchar(765) NOT NULL,
  `img_mobile` varchar(765) NOT NULL,
  `cta` varchar(765) NOT NULL,
  `created` timestamp NOT NULL DEFAULT CURRENT_TIMESTAMP ON UPDATE CURRENT_TIMESTAMP,
  PRIMARY KEY (`id`),
  KEY `id_site` (`id_site`),
  CONSTRAINT `fk_site_config` FOREIGN KEY (`id_site`) REFERENCES `tbl_site_config` (`id`) ON DELETE CASCADE ON UPDATE CASCADE
) ENGINE=InnoDB DEFAULT CHARSET=latin1;

LOCK TABLES `tbl_site_config_slide` WRITE;
/*!40000 ALTER TABLE `tbl_site_config_slide` DISABLE KEYS */;

INSERT INTO `tbl_site_config_slide` (`id`, `id_site`, `img_desktop`, `img_mobile`, `cta`, `created`)
VALUES
	(76,1,'/files/sliders/desktop/1_d_0_2019-11-09_11:46:33.jpg','/files/sliders/mobile/1_m_0_2019-11-09_11:46:33.jpg','','2019-11-09 18:53:55'),
	(77,1,'/files/sliders/desktop/1_d_1_2019-11-09_11:50:02.jpg','/files/sliders/mobile/1_m_1_2019-11-09_11:50:02.jpg','','2019-11-09 18:53:55'),
	(78,1,'/files/sliders/desktop/1_d_2_2019-11-09_11:46:33.jpg','/files/sliders/mobile/1_m_2_2019-11-09_11:46:33.jpg','','2019-11-09 18:53:55');

/*!40000 ALTER TABLE `tbl_site_config_slide` ENABLE KEYS */;
UNLOCK TABLES;



--
-- Dumping routines (PROCEDURE) for database 'cherry'
--
DELIMITER ;;

# Dump of PROCEDURE uploadListPrice
# ------------------------------------------------------------

/*!50003 DROP PROCEDURE IF EXISTS `uploadListPrice` */;;
/*!50003 SET SESSION SQL_MODE="IGNORE_SPACE,NO_ZERO_IN_DATE,NO_ZERO_DATE,ERROR_FOR_DIVISION_BY_ZERO,NO_AUTO_CREATE_USER,NO_ENGINE_SUBSTITUTION"*/;;
/*!50003 CREATE*/ /*!50020 DEFINER=`globaltekext`@`localhost`*/ /*!50003 PROCEDURE `uploadListPrice`(_hash VARCHAR(500))
BEGIN
    	DECLARE _done INT DEFAULT 0;
    	DECLARE _count INT DEFAULT 1;
      DECLARE _product VARCHAR(8) DEFAULT '';
  		DECLARE _list_price VARCHAR(300) DEFAULT '';
  		DECLARE _price VARCHAR(10) ;
  		DECLARE _result_sql INT DEFAULT 0;
  		DECLARE _result_product INT DEFAULT 0;
  		DECLARE _result_list INT DEFAULT 0;
  		DECLARE _motivo VARCHAR(500) DEFAULT '';
  		DECLARE CURSOR1 CURSOR FOR SELECT id_product, id_list_price, price FROM tbl_detail_list_price_tmp;
  		DECLARE CONTINUE HANDLER FOR SQLSTATE '02000' SET _done = 1;

  		OPEN CURSOR1;

  		 	Recorre_Cursor: LOOP
  				FETCH CURSOR1 INTO _product, _list_price, _price;

  				IF _done = 1 THEN
  					LEAVE Recorre_Cursor;
  				END IF;

  				SET _count = _count + 1;

  				SET _result_product = (SELECT count(p.code) FROM tbl_product p WHERE p.code = _product);

  				SET _result_list = (SELECT count(l.name) FROM tbl_list_price l WHERE l.name = _list_price);


  				IF (_result_product = 0 AND _product > 0) THEN
  					SET _motivo = concat('NO EXISTE EL PRODUCTO <b class="text-danger">', _product, '</b>');
  					INSERT INTO tbl_report (hashFile, motivo) VALUES (_hash, _motivo);
  				END IF;

  				IF (_result_list = 0 AND _list_price != '') THEN
  					SET _motivo = concat('NO EXISTE LA LISTA DE PRECIOS <b class="text-danger">', _list_price, '</b>');
  					INSERT INTO tbl_report (hashFile, motivo) VALUES (_hash, _motivo);
  				END IF;

  				IF _result_product > 0 AND _result_list > 0 THEN
  					SET _result_sql = (SELECT count(price) FROM tbl_detail_list_price lp WHERE lp.id_product = _product AND lp.id_list_price = _list_price);

  					IF _result_sql = 0 THEN
  						INSERT  INTO tbl_detail_list_price (id_product,id_list_price,price) VALUES (_product,_list_price,_price);
  					ELSE
  						UPDATE  tbl_detail_list_price dp SET dp.id_product= _product, dp.id_list_price= _list_price , dp.price = _price WHERE dp.id_product = _product AND dp.id_list_price = _list_price;
  					END IF;
  				END IF;

  			END LOOP;

  		CLOSE CURSOR1;

	END */;;

/*!50003 SET SESSION SQL_MODE=@OLD_SQL_MODE */;;
DELIMITER ;

/*!40111 SET SQL_NOTES=@OLD_SQL_NOTES */;
/*!40101 SET SQL_MODE=@OLD_SQL_MODE */;
/*!40014 SET FOREIGN_KEY_CHECKS=@OLD_FOREIGN_KEY_CHECKS */;
/*!40101 SET CHARACTER_SET_CLIENT=@OLD_CHARACTER_SET_CLIENT */;
/*!40101 SET CHARACTER_SET_RESULTS=@OLD_CHARACTER_SET_RESULTS */;
/*!40101 SET COLLATION_CONNECTION=@OLD_COLLATION_CONNECTION */;
